Path,Video,Subject,SuperTrial,Capture,StartFrame,EndFrame,Gesture
datasets\jigsaw\Knot_Tying\Knot_Tying\video\Knot_Tying_B001_capture1,Knot_Tying_B001_capture1,B,B001,capture1,45,85,G12
datasets\jigsaw\Knot_Tying\Knot_Tying\video\Knot_Tying_B001_capture1,Knot_Tying_B001_capture1,B,B001,capture1,86,185,G13
datasets\jigsaw\Knot_Tying\Knot_Tying\video\Knot_Tying_B001_capture1,Knot_Tying_B001_capture1,B,B001,capture1,186,291,G13
datasets\jigsaw\Knot_Tying\Knot_Tying\video\Knot_Tying_B001_capture1,Knot_Tying_B001_capture1,B,B001,capture1,292,369,G14
datasets\jigsaw\Knot_Tying\Knot_Tying\video\Knot_Tying_B001_capture1,Knot_Tying_B001_capture1,B,B001,capture1,370,783,G15
datasets\jigsaw\Knot_Tying\Knot_Tying\video\Knot_Tying_B001_capture1,Knot_Tying_B001_capture1,B,B001,capture1,784,1259,G12
datasets\jigsaw\Knot_Tying\Knot_Tying\video\Knot_Tying_B001_capture1,Knot_Tying_B001_capture1,B,B001,capture1,1260,1329,G13
datasets\jigsaw\Knot_Tying\Knot_Tying\video\Knot_Tying_B001_capture1,Knot_Tying_B001_capture1,B,B001,capture1,1330,1487,G14
datasets\jigsaw\Knot_Tying\Knot_Tying\video\Knot_Tying_B001_capture1,Knot_Tying_B001_capture1,B,B001,capture1,1488,1626,G15
datasets\jigsaw\Knot_Tying\Knot_Tying\video\Knot_Tying_B001_capture1,Knot_Tying_B001_capture1,B,B001,capture1,1627,1735,G11
datasets\jigsaw\Knot_Tying\Knot_Tying\video\Knot_Tying_B001_capture2,Knot_Tying_B001_capture2,B,B001,capture2,45,85,G12
datasets\jigsaw\Knot_Tying\Knot_Tying\video\Knot_Tying_B001_capture2,Knot_Tying_B001_capture2,B,B001,capture2,86,185,G13
datasets\jigsaw\Knot_Tying\Knot_Tying\video\Knot_Tying_B001_capture2,Knot_Tying_B001_capture2,B,B001,capture2,186,291,G13
datasets\jigsaw\Knot_Tying\Knot_Tying\video\Knot_Tying_B001_capture2,Knot_Tying_B001_capture2,B,B001,capture2,292,369,G14
datasets\jigsaw\Knot_Tying\Knot_Tying\video\Knot_Tying_B001_capture2,Knot_Tying_B001_capture2,B,B001,capture2,370,783,G15
datasets\jigsaw\Knot_Tying\Knot_Tying\video\Knot_Tying_B001_capture2,Knot_Tying_B001_capture2,B,B001,capture2,784,1259,G12
datasets\jigsaw\Knot_Tying\Knot_Tying\video\Knot_Tying_B001_capture2,Knot_Tying_B001_capture2,B,B001,capture2,1260,1329,G13
datasets\jigsaw\Knot_Tying\Knot_Tying\video\Knot_Tying_B001_capture2,Knot_Tying_B001_capture2,B,B001,capture2,1330,1487,G14
datasets\jigsaw\Knot_Tying\Knot_Tying\video\Knot_Tying_B001_capture2,Knot_Tying_B001_capture2,B,B001,capture2,1488,1626,G15
datasets\jigsaw\Knot_Tying\Knot_Tying\video\Knot_Tying_B001_capture2,Knot_Tying_B001_capture2,B,B001,capture2,1627,1735,G11
datasets\jigsaw\Knot_Tying\Knot_Tying\video\Knot_Tying_B002_capture1,Knot_Tying_B002_capture1,B,B002,capture1,37,159,G12
datasets\jigsaw\Knot_Tying\Knot_Tying\video\Knot_Tying_B002_capture1,Knot_Tying_B002_capture1,B,B002,capture1,160,254,G13
datasets\jigsaw\Knot_Tying\Knot_Tying\video\Knot_Tying_B002_capture1,Knot_Tying_B002_capture1,B,B002,capture1,255,309,G14
datasets\jigsaw\Knot_Tying\Knot_Tying\video\Knot_Tying_B002_capture1,Knot_Tying_B002_capture1,B,B002,capture1,310,659,G15
datasets\jigsaw\Knot_Tying\Knot_Tying\video\Knot_Tying_B002_capture1,Knot_Tying_B002_capture1,B,B002,capture1,660,816,G12
datasets\jigsaw\Knot_Tying\Knot_Tying\video\Knot_Tying_B002_capture1,Knot_Tying_B002_capture1,B,B002,capture1,817,1002,G13
datasets\jigsaw\Knot_Tying\Knot_Tying\video\Knot_Tying_B002_capture1,Knot_Tying_B002_capture1,B,B002,capture1,1003,1023,G14
datasets\jigsaw\Knot_Tying\Knot_Tying\video\Knot_Tying_B002_capture1,Knot_Tying_B002_capture1,B,B002,capture1,1024,1199,G15
datasets\jigsaw\Knot_Tying\Knot_Tying\video\Knot_Tying_B002_capture1,Knot_Tying_B002_capture1,B,B002,capture1,1200,1260,G11
datasets\jigsaw\Knot_Tying\Knot_Tying\video\Knot_Tying_B002_capture2,Knot_Tying_B002_capture2,B,B002,capture2,37,159,G12
datasets\jigsaw\Knot_Tying\Knot_Tying\video\Knot_Tying_B002_capture2,Knot_Tying_B002_capture2,B,B002,capture2,160,254,G13
datasets\jigsaw\Knot_Tying\Knot_Tying\video\Knot_Tying_B002_capture2,Knot_Tying_B002_capture2,B,B002,capture2,255,309,G14
datasets\jigsaw\Knot_Tying\Knot_Tying\video\Knot_Tying_B002_capture2,Knot_Tying_B002_capture2,B,B002,capture2,310,659,G15
datasets\jigsaw\Knot_Tying\Knot_Tying\video\Knot_Tying_B002_capture2,Knot_Tying_B002_capture2,B,B002,capture2,660,816,G12
datasets\jigsaw\Knot_Tying\Knot_Tying\video\Knot_Tying_B002_capture2,Knot_Tying_B002_capture2,B,B002,capture2,817,1002,G13
datasets\jigsaw\Knot_Tying\Knot_Tying\video\Knot_Tying_B002_capture2,Knot_Tying_B002_capture2,B,B002,capture2,1003,1023,G14
datasets\jigsaw\Knot_Tying\Knot_Tying\video\Knot_Tying_B002_capture2,Knot_Tying_B002_capture2,B,B002,capture2,1024,1199,G15
datasets\jigsaw\Knot_Tying\Knot_Tying\video\Knot_Tying_B002_capture2,Knot_Tying_B002_capture2,B,B002,capture2,1200,1260,G11
datasets\jigsaw\Knot_Tying\Knot_Tying\video\Knot_Tying_B003_capture1,Knot_Tying_B003_capture1,B,B003,capture1,8,132,G12
datasets\jigsaw\Knot_Tying\Knot_Tying\video\Knot_Tying_B003_capture1,Knot_Tying_B003_capture1,B,B003,capture1,133,230,G13
datasets\jigsaw\Knot_Tying\Knot_Tying\video\Knot_Tying_B003_capture1,Knot_Tying_B003_capture1,B,B003,capture1,231,313,G14
datasets\jigsaw\Knot_Tying\Knot_Tying\video\Knot_Tying_B003_capture1,Knot_Tying_B003_capture1,B,B003,capture1,314,743,G15
datasets\jigsaw\Knot_Tying\Knot_Tying\video\Knot_Tying_B003_capture1,Knot_Tying_B003_capture1,B,B003,capture1,744,843,G12
datasets\jigsaw\Knot_Tying\Knot_Tying\video\Knot_Tying_B003_capture1,Knot_Tying_B003_capture1,B,B003,capture1,844,954,G13
datasets\jigsaw\Knot_Tying\Knot_Tying\video\Knot_Tying_B003_capture1,Knot_Tying_B003_capture1,B,B003,capture1,955,1107,G14
datasets\jigsaw\Knot_Tying\Knot_Tying\video\Knot_Tying_B003_capture1,Knot_Tying_B003_capture1,B,B003,capture1,1108,1286,G15
datasets\jigsaw\Knot_Tying\Knot_Tying\video\Knot_Tying_B003_capture1,Knot_Tying_B003_capture1,B,B003,capture1,1287,1355,G11
datasets\jigsaw\Knot_Tying\Knot_Tying\video\Knot_Tying_B003_capture2,Knot_Tying_B003_capture2,B,B003,capture2,8,132,G12
datasets\jigsaw\Knot_Tying\Knot_Tying\video\Knot_Tying_B003_capture2,Knot_Tying_B003_capture2,B,B003,capture2,133,230,G13
datasets\jigsaw\Knot_Tying\Knot_Tying\video\Knot_Tying_B003_capture2,Knot_Tying_B003_capture2,B,B003,capture2,231,313,G14
datasets\jigsaw\Knot_Tying\Knot_Tying\video\Knot_Tying_B003_capture2,Knot_Tying_B003_capture2,B,B003,capture2,314,743,G15
datasets\jigsaw\Knot_Tying\Knot_Tying\video\Knot_Tying_B003_capture2,Knot_Tying_B003_capture2,B,B003,capture2,744,843,G12
datasets\jigsaw\Knot_Tying\Knot_Tying\video\Knot_Tying_B003_capture2,Knot_Tying_B003_capture2,B,B003,capture2,844,954,G13
datasets\jigsaw\Knot_Tying\Knot_Tying\video\Knot_Tying_B003_capture2,Knot_Tying_B003_capture2,B,B003,capture2,955,1107,G14
datasets\jigsaw\Knot_Tying\Knot_Tying\video\Knot_Tying_B003_capture2,Knot_Tying_B003_capture2,B,B003,capture2,1108,1286,G15
datasets\jigsaw\Knot_Tying\Knot_Tying\video\Knot_Tying_B003_capture2,Knot_Tying_B003_capture2,B,B003,capture2,1287,1355,G11
datasets\jigsaw\Knot_Tying\Knot_Tying\video\Knot_Tying_B004_capture1,Knot_Tying_B004_capture1,B,B004,capture1,55,318,G12
datasets\jigsaw\Knot_Tying\Knot_Tying\video\Knot_Tying_B004_capture1,Knot_Tying_B004_capture1,B,B004,capture1,319,585,G13
datasets\jigsaw\Knot_Tying\Knot_Tying\video\Knot_Tying_B004_capture1,Knot_Tying_B004_capture1,B,B004,capture1,586,645,G14
datasets\jigsaw\Knot_Tying\Knot_Tying\video\Knot_Tying_B004_capture1,Knot_Tying_B004_capture1,B,B004,capture1,646,808,G15
datasets\jigsaw\Knot_Tying\Knot_Tying\video\Knot_Tying_B004_capture1,Knot_Tying_B004_capture1,B,B004,capture1,809,1268,G12
datasets\jigsaw\Knot_Tying\Knot_Tying\video\Knot_Tying_B004_capture1,Knot_Tying_B004_capture1,B,B004,capture1,1269,1451,G13
datasets\jigsaw\Knot_Tying\Knot_Tying\video\Knot_Tying_B004_capture1,Knot_Tying_B004_capture1,B,B004,capture1,1452,1539,G14
datasets\jigsaw\Knot_Tying\Knot_Tying\video\Knot_Tying_B004_capture1,Knot_Tying_B004_capture1,B,B004,capture1,1540,1637,G15
datasets\jigsaw\Knot_Tying\Knot_Tying\video\Knot_Tying_B004_capture1,Knot_Tying_B004_capture1,B,B004,capture1,1790,1820,G11
datasets\jigsaw\Knot_Tying\Knot_Tying\video\Knot_Tying_B004_capture2,Knot_Tying_B004_capture2,B,B004,capture2,55,318,G12
datasets\jigsaw\Knot_Tying\Knot_Tying\video\Knot_Tying_B004_capture2,Knot_Tying_B004_capture2,B,B004,capture2,319,585,G13
datasets\jigsaw\Knot_Tying\Knot_Tying\video\Knot_Tying_B004_capture2,Knot_Tying_B004_capture2,B,B004,capture2,586,645,G14
datasets\jigsaw\Knot_Tying\Knot_Tying\video\Knot_Tying_B004_capture2,Knot_Tying_B004_capture2,B,B004,capture2,646,808,G15
datasets\jigsaw\Knot_Tying\Knot_Tying\video\Knot_Tying_B004_capture2,Knot_Tying_B004_capture2,B,B004,capture2,809,1268,G12
datasets\jigsaw\Knot_Tying\Knot_Tying\video\Knot_Tying_B004_capture2,Knot_Tying_B004_capture2,B,B004,capture2,1269,1451,G13
datasets\jigsaw\Knot_Tying\Knot_Tying\video\Knot_Tying_B004_capture2,Knot_Tying_B004_capture2,B,B004,capture2,1452,1539,G14
datasets\jigsaw\Knot_Tying\Knot_Tying\video\Knot_Tying_B004_capture2,Knot_Tying_B004_capture2,B,B004,capture2,1540,1637,G15
datasets\jigsaw\Knot_Tying\Knot_Tying\video\Knot_Tying_B004_capture2,Knot_Tying_B004_capture2,B,B004,capture2,1790,1820,G11
datasets\jigsaw\Knot_Tying\Knot_Tying\video\Knot_Tying_C001_capture1,Knot_Tying_C001_capture1,C,C001,capture1,37,134,G12
datasets\jigsaw\Knot_Tying\Knot_Tying\video\Knot_Tying_C001_capture1,Knot_Tying_C001_capture1,C,C001,capture1,135,160,G13
datasets\jigsaw\Knot_Tying\Knot_Tying\video\Knot_Tying_C001_capture1,Knot_Tying_C001_capture1,C,C001,capture1,161,327,G14
datasets\jigsaw\Knot_Tying\Knot_Tying\video\Knot_Tying_C001_capture1,Knot_Tying_C001_capture1,C,C001,capture1,328,609,G15
datasets\jigsaw\Knot_Tying\Knot_Tying\video\Knot_Tying_C001_capture1,Knot_Tying_C001_capture1,C,C001,capture1,610,887,G12
datasets\jigsaw\Knot_Tying\Knot_Tying\video\Knot_Tying_C001_capture1,Knot_Tying_C001_capture1,C,C001,capture1,888,934,G13
datasets\jigsaw\Knot_Tying\Knot_Tying\video\Knot_Tying_C001_capture1,Knot_Tying_C001_capture1,C,C001,capture1,935,999,G14
datasets\jigsaw\Knot_Tying\Knot_Tying\video\Knot_Tying_C001_capture1,Knot_Tying_C001_capture1,C,C001,capture1,1000,1139,G15
datasets\jigsaw\Knot_Tying\Knot_Tying\video\Knot_Tying_C001_capture1,Knot_Tying_C001_capture1,C,C001,capture1,1140,1227,G11
datasets\jigsaw\Knot_Tying\Knot_Tying\video\Knot_Tying_C001_capture2,Knot_Tying_C001_capture2,C,C001,capture2,37,134,G12
datasets\jigsaw\Knot_Tying\Knot_Tying\video\Knot_Tying_C001_capture2,Knot_Tying_C001_capture2,C,C001,capture2,135,160,G13
datasets\jigsaw\Knot_Tying\Knot_Tying\video\Knot_Tying_C001_capture2,Knot_Tying_C001_capture2,C,C001,capture2,161,327,G14
datasets\jigsaw\Knot_Tying\Knot_Tying\video\Knot_Tying_C001_capture2,Knot_Tying_C001_capture2,C,C001,capture2,328,609,G15
datasets\jigsaw\Knot_Tying\Knot_Tying\video\Knot_Tying_C001_capture2,Knot_Tying_C001_capture2,C,C001,capture2,610,887,G12
datasets\jigsaw\Knot_Tying\Knot_Tying\video\Knot_Tying_C001_capture2,Knot_Tying_C001_capture2,C,C001,capture2,888,934,G13
datasets\jigsaw\Knot_Tying\Knot_Tying\video\Knot_Tying_C001_capture2,Knot_Tying_C001_capture2,C,C001,capture2,935,999,G14
datasets\jigsaw\Knot_Tying\Knot_Tying\video\Knot_Tying_C001_capture2,Knot_Tying_C001_capture2,C,C001,capture2,1000,1139,G15
datasets\jigsaw\Knot_Tying\Knot_Tying\video\Knot_Tying_C001_capture2,Knot_Tying_C001_capture2,C,C001,capture2,1140,1227,G11
datasets\jigsaw\Knot_Tying\Knot_Tying\video\Knot_Tying_C002_capture1,Knot_Tying_C002_capture1,C,C002,capture1,28,82,G1
datasets\jigsaw\Knot_Tying\Knot_Tying\video\Knot_Tying_C002_capture1,Knot_Tying_C002_capture1,C,C002,capture1,83,183,G12
datasets\jigsaw\Knot_Tying\Knot_Tying\video\Knot_Tying_C002_capture1,Knot_Tying_C002_capture1,C,C002,capture1,184,211,G13
datasets\jigsaw\Knot_Tying\Knot_Tying\video\Knot_Tying_C002_capture1,Knot_Tying_C002_capture1,C,C002,capture1,212,259,G14
datasets\jigsaw\Knot_Tying\Knot_Tying\video\Knot_Tying_C002_capture1,Knot_Tying_C002_capture1,C,C002,capture1,260,384,G15
datasets\jigsaw\Knot_Tying\Knot_Tying\video\Knot_Tying_C002_capture1,Knot_Tying_C002_capture1,C,C002,capture1,385,633,G12
datasets\jigsaw\Knot_Tying\Knot_Tying\video\Knot_Tying_C002_capture1,Knot_Tying_C002_capture1,C,C002,capture1,634,676,G13
datasets\jigsaw\Knot_Tying\Knot_Tying\video\Knot_Tying_C002_capture1,Knot_Tying_C002_capture1,C,C002,capture1,677,736,G14
datasets\jigsaw\Knot_Tying\Knot_Tying\video\Knot_Tying_C002_capture1,Knot_Tying_C002_capture1,C,C002,capture1,737,849,G15
datasets\jigsaw\Knot_Tying\Knot_Tying\video\Knot_Tying_C002_capture1,Knot_Tying_C002_capture1,C,C002,capture1,850,1000,G11
datasets\jigsaw\Knot_Tying\Knot_Tying\video\Knot_Tying_C002_capture2,Knot_Tying_C002_capture2,C,C002,capture2,28,82,G1
datasets\jigsaw\Knot_Tying\Knot_Tying\video\Knot_Tying_C002_capture2,Knot_Tying_C002_capture2,C,C002,capture2,83,183,G12
datasets\jigsaw\Knot_Tying\Knot_Tying\video\Knot_Tying_C002_capture2,Knot_Tying_C002_capture2,C,C002,capture2,184,211,G13
datasets\jigsaw\Knot_Tying\Knot_Tying\video\Knot_Tying_C002_capture2,Knot_Tying_C002_capture2,C,C002,capture2,212,259,G14
datasets\jigsaw\Knot_Tying\Knot_Tying\video\Knot_Tying_C002_capture2,Knot_Tying_C002_capture2,C,C002,capture2,260,384,G15
datasets\jigsaw\Knot_Tying\Knot_Tying\video\Knot_Tying_C002_capture2,Knot_Tying_C002_capture2,C,C002,capture2,385,633,G12
datasets\jigsaw\Knot_Tying\Knot_Tying\video\Knot_Tying_C002_capture2,Knot_Tying_C002_capture2,C,C002,capture2,634,676,G13
datasets\jigsaw\Knot_Tying\Knot_Tying\video\Knot_Tying_C002_capture2,Knot_Tying_C002_capture2,C,C002,capture2,677,736,G14
datasets\jigsaw\Knot_Tying\Knot_Tying\video\Knot_Tying_C002_capture2,Knot_Tying_C002_capture2,C,C002,capture2,737,849,G15
datasets\jigsaw\Knot_Tying\Knot_Tying\video\Knot_Tying_C002_capture2,Knot_Tying_C002_capture2,C,C002,capture2,850,1000,G11
datasets\jigsaw\Knot_Tying\Knot_Tying\video\Knot_Tying_C003_capture1,Knot_Tying_C003_capture1,C,C003,capture1,1,61,G1
datasets\jigsaw\Knot_Tying\Knot_Tying\video\Knot_Tying_C003_capture1,Knot_Tying_C003_capture1,C,C003,capture1,62,185,G12
datasets\jigsaw\Knot_Tying\Knot_Tying\video\Knot_Tying_C003_capture1,Knot_Tying_C003_capture1,C,C003,capture1,186,221,G13
datasets\jigsaw\Knot_Tying\Knot_Tying\video\Knot_Tying_C003_capture1,Knot_Tying_C003_capture1,C,C003,capture1,222,270,G14
datasets\jigsaw\Knot_Tying\Knot_Tying\video\Knot_Tying_C003_capture1,Knot_Tying_C003_capture1,C,C003,capture1,271,440,G15
datasets\jigsaw\Knot_Tying\Knot_Tying\video\Knot_Tying_C003_capture1,Knot_Tying_C003_capture1,C,C003,capture1,441,516,G14
datasets\jigsaw\Knot_Tying\Knot_Tying\video\Knot_Tying_C003_capture1,Knot_Tying_C003_capture1,C,C003,capture1,517,638,G12
datasets\jigsaw\Knot_Tying\Knot_Tying\video\Knot_Tying_C003_capture1,Knot_Tying_C003_capture1,C,C003,capture1,639,676,G13
datasets\jigsaw\Knot_Tying\Knot_Tying\video\Knot_Tying_C003_capture1,Knot_Tying_C003_capture1,C,C003,capture1,677,734,G14
datasets\jigsaw\Knot_Tying\Knot_Tying\video\Knot_Tying_C003_capture1,Knot_Tying_C003_capture1,C,C003,capture1,735,943,G15
datasets\jigsaw\Knot_Tying\Knot_Tying\video\Knot_Tying_C003_capture1,Knot_Tying_C003_capture1,C,C003,capture1,944,1045,G11
datasets\jigsaw\Knot_Tying\Knot_Tying\video\Knot_Tying_C003_capture2,Knot_Tying_C003_capture2,C,C003,capture2,1,61,G1
datasets\jigsaw\Knot_Tying\Knot_Tying\video\Knot_Tying_C003_capture2,Knot_Tying_C003_capture2,C,C003,capture2,62,185,G12
datasets\jigsaw\Knot_Tying\Knot_Tying\video\Knot_Tying_C003_capture2,Knot_Tying_C003_capture2,C,C003,capture2,186,221,G13
datasets\jigsaw\Knot_Tying\Knot_Tying\video\Knot_Tying_C003_capture2,Knot_Tying_C003_capture2,C,C003,capture2,222,270,G14
datasets\jigsaw\Knot_Tying\Knot_Tying\video\Knot_Tying_C003_capture2,Knot_Tying_C003_capture2,C,C003,capture2,271,440,G15
datasets\jigsaw\Knot_Tying\Knot_Tying\video\Knot_Tying_C003_capture2,Knot_Tying_C003_capture2,C,C003,capture2,441,516,G14
datasets\jigsaw\Knot_Tying\Knot_Tying\video\Knot_Tying_C003_capture2,Knot_Tying_C003_capture2,C,C003,capture2,517,638,G12
datasets\jigsaw\Knot_Tying\Knot_Tying\video\Knot_Tying_C003_capture2,Knot_Tying_C003_capture2,C,C003,capture2,639,676,G13
datasets\jigsaw\Knot_Tying\Knot_Tying\video\Knot_Tying_C003_capture2,Knot_Tying_C003_capture2,C,C003,capture2,677,734,G14
datasets\jigsaw\Knot_Tying\Knot_Tying\video\Knot_Tying_C003_capture2,Knot_Tying_C003_capture2,C,C003,capture2,735,943,G15
datasets\jigsaw\Knot_Tying\Knot_Tying\video\Knot_Tying_C003_capture2,Knot_Tying_C003_capture2,C,C003,capture2,944,1045,G11
datasets\jigsaw\Knot_Tying\Knot_Tying\video\Knot_Tying_C004_capture1,Knot_Tying_C004_capture1,C,C004,capture1,40,159,G1
datasets\jigsaw\Knot_Tying\Knot_Tying\video\Knot_Tying_C004_capture1,Knot_Tying_C004_capture1,C,C004,capture1,160,265,G12
datasets\jigsaw\Knot_Tying\Knot_Tying\video\Knot_Tying_C004_capture1,Knot_Tying_C004_capture1,C,C004,capture1,266,297,G13
datasets\jigsaw\Knot_Tying\Knot_Tying\video\Knot_Tying_C004_capture1,Knot_Tying_C004_capture1,C,C004,capture1,298,350,G14
datasets\jigsaw\Knot_Tying\Knot_Tying\video\Knot_Tying_C004_capture1,Knot_Tying_C004_capture1,C,C004,capture1,351,521,G15
datasets\jigsaw\Knot_Tying\Knot_Tying\video\Knot_Tying_C004_capture1,Knot_Tying_C004_capture1,C,C004,capture1,522,611,G14
datasets\jigsaw\Knot_Tying\Knot_Tying\video\Knot_Tying_C004_capture1,Knot_Tying_C004_capture1,C,C004,capture1,612,731,G12
datasets\jigsaw\Knot_Tying\Knot_Tying\video\Knot_Tying_C004_capture1,Knot_Tying_C004_capture1,C,C004,capture1,732,871,G13
datasets\jigsaw\Knot_Tying\Knot_Tying\video\Knot_Tying_C004_capture1,Knot_Tying_C004_capture1,C,C004,capture1,872,974,G14
datasets\jigsaw\Knot_Tying\Knot_Tying\video\Knot_Tying_C004_capture1,Knot_Tying_C004_capture1,C,C004,capture1,975,1189,G15
datasets\jigsaw\Knot_Tying\Knot_Tying\video\Knot_Tying_C004_capture1,Knot_Tying_C004_capture1,C,C004,capture1,1190,1300,G11
datasets\jigsaw\Knot_Tying\Knot_Tying\video\Knot_Tying_C004_capture2,Knot_Tying_C004_capture2,C,C004,capture2,40,159,G1
datasets\jigsaw\Knot_Tying\Knot_Tying\video\Knot_Tying_C004_capture2,Knot_Tying_C004_capture2,C,C004,capture2,160,265,G12
datasets\jigsaw\Knot_Tying\Knot_Tying\video\Knot_Tying_C004_capture2,Knot_Tying_C004_capture2,C,C004,capture2,266,297,G13
datasets\jigsaw\Knot_Tying\Knot_Tying\video\Knot_Tying_C004_capture2,Knot_Tying_C004_capture2,C,C004,capture2,298,350,G14
datasets\jigsaw\Knot_Tying\Knot_Tying\video\Knot_Tying_C004_capture2,Knot_Tying_C004_capture2,C,C004,capture2,351,521,G15
datasets\jigsaw\Knot_Tying\Knot_Tying\video\Knot_Tying_C004_capture2,Knot_Tying_C004_capture2,C,C004,capture2,522,611,G14
datasets\jigsaw\Knot_Tying\Knot_Tying\video\Knot_Tying_C004_capture2,Knot_Tying_C004_capture2,C,C004,capture2,612,731,G12
datasets\jigsaw\Knot_Tying\Knot_Tying\video\Knot_Tying_C004_capture2,Knot_Tying_C004_capture2,C,C004,capture2,732,871,G13
datasets\jigsaw\Knot_Tying\Knot_Tying\video\Knot_Tying_C004_capture2,Knot_Tying_C004_capture2,C,C004,capture2,872,974,G14
datasets\jigsaw\Knot_Tying\Knot_Tying\video\Knot_Tying_C004_capture2,Knot_Tying_C004_capture2,C,C004,capture2,975,1189,G15
datasets\jigsaw\Knot_Tying\Knot_Tying\video\Knot_Tying_C004_capture2,Knot_Tying_C004_capture2,C,C004,capture2,1190,1300,G11
datasets\jigsaw\Knot_Tying\Knot_Tying\video\Knot_Tying_C005_capture1,Knot_Tying_C005_capture1,C,C005,capture1,20,92,G1
datasets\jigsaw\Knot_Tying\Knot_Tying\video\Knot_Tying_C005_capture1,Knot_Tying_C005_capture1,C,C005,capture1,93,201,G12
datasets\jigsaw\Knot_Tying\Knot_Tying\video\Knot_Tying_C005_capture1,Knot_Tying_C005_capture1,C,C005,capture1,202,244,G13
datasets\jigsaw\Knot_Tying\Knot_Tying\video\Knot_Tying_C005_capture1,Knot_Tying_C005_capture1,C,C005,capture1,245,439,G14
datasets\jigsaw\Knot_Tying\Knot_Tying\video\Knot_Tying_C005_capture1,Knot_Tying_C005_capture1,C,C005,capture1,440,601,G15
datasets\jigsaw\Knot_Tying\Knot_Tying\video\Knot_Tying_C005_capture1,Knot_Tying_C005_capture1,C,C005,capture1,602,638,G14
datasets\jigsaw\Knot_Tying\Knot_Tying\video\Knot_Tying_C005_capture1,Knot_Tying_C005_capture1,C,C005,capture1,639,785,G12
datasets\jigsaw\Knot_Tying\Knot_Tying\video\Knot_Tying_C005_capture1,Knot_Tying_C005_capture1,C,C005,capture1,786,827,G13
datasets\jigsaw\Knot_Tying\Knot_Tying\video\Knot_Tying_C005_capture1,Knot_Tying_C005_capture1,C,C005,capture1,828,870,G14
datasets\jigsaw\Knot_Tying\Knot_Tying\video\Knot_Tying_C005_capture1,Knot_Tying_C005_capture1,C,C005,capture1,871,982,G15
datasets\jigsaw\Knot_Tying\Knot_Tying\video\Knot_Tying_C005_capture1,Knot_Tying_C005_capture1,C,C005,capture1,983,1037,G11
datasets\jigsaw\Knot_Tying\Knot_Tying\video\Knot_Tying_C005_capture2,Knot_Tying_C005_capture2,C,C005,capture2,20,92,G1
datasets\jigsaw\Knot_Tying\Knot_Tying\video\Knot_Tying_C005_capture2,Knot_Tying_C005_capture2,C,C005,capture2,93,201,G12
datasets\jigsaw\Knot_Tying\Knot_Tying\video\Knot_Tying_C005_capture2,Knot_Tying_C005_capture2,C,C005,capture2,202,244,G13
datasets\jigsaw\Knot_Tying\Knot_Tying\video\Knot_Tying_C005_capture2,Knot_Tying_C005_capture2,C,C005,capture2,245,439,G14
datasets\jigsaw\Knot_Tying\Knot_Tying\video\Knot_Tying_C005_capture2,Knot_Tying_C005_capture2,C,C005,capture2,440,601,G15
datasets\jigsaw\Knot_Tying\Knot_Tying\video\Knot_Tying_C005_capture2,Knot_Tying_C005_capture2,C,C005,capture2,602,638,G14
datasets\jigsaw\Knot_Tying\Knot_Tying\video\Knot_Tying_C005_capture2,Knot_Tying_C005_capture2,C,C005,capture2,639,785,G12
datasets\jigsaw\Knot_Tying\Knot_Tying\video\Knot_Tying_C005_capture2,Knot_Tying_C005_capture2,C,C005,capture2,786,827,G13
datasets\jigsaw\Knot_Tying\Knot_Tying\video\Knot_Tying_C005_capture2,Knot_Tying_C005_capture2,C,C005,capture2,828,870,G14
datasets\jigsaw\Knot_Tying\Knot_Tying\video\Knot_Tying_C005_capture2,Knot_Tying_C005_capture2,C,C005,capture2,871,982,G15
datasets\jigsaw\Knot_Tying\Knot_Tying\video\Knot_Tying_C005_capture2,Knot_Tying_C005_capture2,C,C005,capture2,983,1037,G11
datasets\jigsaw\Knot_Tying\Knot_Tying\video\Knot_Tying_D001_capture1,Knot_Tying_D001_capture1,D,D001,capture1,41,170,G1
datasets\jigsaw\Knot_Tying\Knot_Tying\video\Knot_Tying_D001_capture1,Knot_Tying_D001_capture1,D,D001,capture1,171,237,G12
datasets\jigsaw\Knot_Tying\Knot_Tying\video\Knot_Tying_D001_capture1,Knot_Tying_D001_capture1,D,D001,capture1,238,310,G13
datasets\jigsaw\Knot_Tying\Knot_Tying\video\Knot_Tying_D001_capture1,Knot_Tying_D001_capture1,D,D001,capture1,311,624,G14
datasets\jigsaw\Knot_Tying\Knot_Tying\video\Knot_Tying_D001_capture1,Knot_Tying_D001_capture1,D,D001,capture1,625,734,G15
datasets\jigsaw\Knot_Tying\Knot_Tying\video\Knot_Tying_D001_capture1,Knot_Tying_D001_capture1,D,D001,capture1,735,831,G14
datasets\jigsaw\Knot_Tying\Knot_Tying\video\Knot_Tying_D001_capture1,Knot_Tying_D001_capture1,D,D001,capture1,832,989,G12
datasets\jigsaw\Knot_Tying\Knot_Tying\video\Knot_Tying_D001_capture1,Knot_Tying_D001_capture1,D,D001,capture1,990,1120,G13
datasets\jigsaw\Knot_Tying\Knot_Tying\video\Knot_Tying_D001_capture1,Knot_Tying_D001_capture1,D,D001,capture1,1121,1174,G14
datasets\jigsaw\Knot_Tying\Knot_Tying\video\Knot_Tying_D001_capture1,Knot_Tying_D001_capture1,D,D001,capture1,1175,1276,G15
datasets\jigsaw\Knot_Tying\Knot_Tying\video\Knot_Tying_D001_capture1,Knot_Tying_D001_capture1,D,D001,capture1,1277,1348,G11
datasets\jigsaw\Knot_Tying\Knot_Tying\video\Knot_Tying_D001_capture2,Knot_Tying_D001_capture2,D,D001,capture2,41,170,G1
datasets\jigsaw\Knot_Tying\Knot_Tying\video\Knot_Tying_D001_capture2,Knot_Tying_D001_capture2,D,D001,capture2,171,237,G12
datasets\jigsaw\Knot_Tying\Knot_Tying\video\Knot_Tying_D001_capture2,Knot_Tying_D001_capture2,D,D001,capture2,238,310,G13
datasets\jigsaw\Knot_Tying\Knot_Tying\video\Knot_Tying_D001_capture2,Knot_Tying_D001_capture2,D,D001,capture2,311,624,G14
datasets\jigsaw\Knot_Tying\Knot_Tying\video\Knot_Tying_D001_capture2,Knot_Tying_D001_capture2,D,D001,capture2,625,734,G15
datasets\jigsaw\Knot_Tying\Knot_Tying\video\Knot_Tying_D001_capture2,Knot_Tying_D001_capture2,D,D001,capture2,735,831,G14
datasets\jigsaw\Knot_Tying\Knot_Tying\video\Knot_Tying_D001_capture2,Knot_Tying_D001_capture2,D,D001,capture2,832,989,G12
datasets\jigsaw\Knot_Tying\Knot_Tying\video\Knot_Tying_D001_capture2,Knot_Tying_D001_capture2,D,D001,capture2,990,1120,G13
datasets\jigsaw\Knot_Tying\Knot_Tying\video\Knot_Tying_D001_capture2,Knot_Tying_D001_capture2,D,D001,capture2,1121,1174,G14
datasets\jigsaw\Knot_Tying\Knot_Tying\video\Knot_Tying_D001_capture2,Knot_Tying_D001_capture2,D,D001,capture2,1175,1276,G15
datasets\jigsaw\Knot_Tying\Knot_Tying\video\Knot_Tying_D001_capture2,Knot_Tying_D001_capture2,D,D001,capture2,1277,1348,G11
datasets\jigsaw\Knot_Tying\Knot_Tying\video\Knot_Tying_D002_capture1,Knot_Tying_D002_capture1,D,D002,capture1,21,105,G1
datasets\jigsaw\Knot_Tying\Knot_Tying\video\Knot_Tying_D002_capture1,Knot_Tying_D002_capture1,D,D002,capture1,106,221,G12
datasets\jigsaw\Knot_Tying\Knot_Tying\video\Knot_Tying_D002_capture1,Knot_Tying_D002_capture1,D,D002,capture1,222,293,G13
datasets\jigsaw\Knot_Tying\Knot_Tying\video\Knot_Tying_D002_capture1,Knot_Tying_D002_capture1,D,D002,capture1,294,410,G14
datasets\jigsaw\Knot_Tying\Knot_Tying\video\Knot_Tying_D002_capture1,Knot_Tying_D002_capture1,D,D002,capture1,411,553,G15
datasets\jigsaw\Knot_Tying\Knot_Tying\video\Knot_Tying_D002_capture1,Knot_Tying_D002_capture1,D,D002,capture1,554,634,G14
datasets\jigsaw\Knot_Tying\Knot_Tying\video\Knot_Tying_D002_capture1,Knot_Tying_D002_capture1,D,D002,capture1,635,799,G12
datasets\jigsaw\Knot_Tying\Knot_Tying\video\Knot_Tying_D002_capture1,Knot_Tying_D002_capture1,D,D002,capture1,800,894,G13
datasets\jigsaw\Knot_Tying\Knot_Tying\video\Knot_Tying_D002_capture1,Knot_Tying_D002_capture1,D,D002,capture1,895,1007,G14
datasets\jigsaw\Knot_Tying\Knot_Tying\video\Knot_Tying_D002_capture1,Knot_Tying_D002_capture1,D,D002,capture1,1008,1151,G15
datasets\jigsaw\Knot_Tying\Knot_Tying\video\Knot_Tying_D002_capture1,Knot_Tying_D002_capture1,D,D002,capture1,1152,1227,G11
datasets\jigsaw\Knot_Tying\Knot_Tying\video\Knot_Tying_D002_capture2,Knot_Tying_D002_capture2,D,D002,capture2,21,105,G1
datasets\jigsaw\Knot_Tying\Knot_Tying\video\Knot_Tying_D002_capture2,Knot_Tying_D002_capture2,D,D002,capture2,106,221,G12
datasets\jigsaw\Knot_Tying\Knot_Tying\video\Knot_Tying_D002_capture2,Knot_Tying_D002_capture2,D,D002,capture2,222,293,G13
datasets\jigsaw\Knot_Tying\Knot_Tying\video\Knot_Tying_D002_capture2,Knot_Tying_D002_capture2,D,D002,capture2,294,410,G14
datasets\jigsaw\Knot_Tying\Knot_Tying\video\Knot_Tying_D002_capture2,Knot_Tying_D002_capture2,D,D002,capture2,411,553,G15
datasets\jigsaw\Knot_Tying\Knot_Tying\video\Knot_Tying_D002_capture2,Knot_Tying_D002_capture2,D,D002,capture2,554,634,G14
datasets\jigsaw\Knot_Tying\Knot_Tying\video\Knot_Tying_D002_capture2,Knot_Tying_D002_capture2,D,D002,capture2,635,799,G12
datasets\jigsaw\Knot_Tying\Knot_Tying\video\Knot_Tying_D002_capture2,Knot_Tying_D002_capture2,D,D002,capture2,800,894,G13
datasets\jigsaw\Knot_Tying\Knot_Tying\video\Knot_Tying_D002_capture2,Knot_Tying_D002_capture2,D,D002,capture2,895,1007,G14
datasets\jigsaw\Knot_Tying\Knot_Tying\video\Knot_Tying_D002_capture2,Knot_Tying_D002_capture2,D,D002,capture2,1008,1151,G15
datasets\jigsaw\Knot_Tying\Knot_Tying\video\Knot_Tying_D002_capture2,Knot_Tying_D002_capture2,D,D002,capture2,1152,1227,G11
datasets\jigsaw\Knot_Tying\Knot_Tying\video\Knot_Tying_D003_capture1,Knot_Tying_D003_capture1,D,D003,capture1,25,93,G1
datasets\jigsaw\Knot_Tying\Knot_Tying\video\Knot_Tying_D003_capture1,Knot_Tying_D003_capture1,D,D003,capture1,94,211,G12
datasets\jigsaw\Knot_Tying\Knot_Tying\video\Knot_Tying_D003_capture1,Knot_Tying_D003_capture1,D,D003,capture1,212,300,G13
datasets\jigsaw\Knot_Tying\Knot_Tying\video\Knot_Tying_D003_capture1,Knot_Tying_D003_capture1,D,D003,capture1,301,359,G14
datasets\jigsaw\Knot_Tying\Knot_Tying\video\Knot_Tying_D003_capture1,Knot_Tying_D003_capture1,D,D003,capture1,360,479,G15
datasets\jigsaw\Knot_Tying\Knot_Tying\video\Knot_Tying_D003_capture1,Knot_Tying_D003_capture1,D,D003,capture1,480,551,G14
datasets\jigsaw\Knot_Tying\Knot_Tying\video\Knot_Tying_D003_capture1,Knot_Tying_D003_capture1,D,D003,capture1,552,729,G12
datasets\jigsaw\Knot_Tying\Knot_Tying\video\Knot_Tying_D003_capture1,Knot_Tying_D003_capture1,D,D003,capture1,730,1012,G13
datasets\jigsaw\Knot_Tying\Knot_Tying\video\Knot_Tying_D003_capture1,Knot_Tying_D003_capture1,D,D003,capture1,1013,1060,G14
datasets\jigsaw\Knot_Tying\Knot_Tying\video\Knot_Tying_D003_capture1,Knot_Tying_D003_capture1,D,D003,capture1,1061,1151,G15
datasets\jigsaw\Knot_Tying\Knot_Tying\video\Knot_Tying_D003_capture1,Knot_Tying_D003_capture1,D,D003,capture1,1152,1220,G11
datasets\jigsaw\Knot_Tying\Knot_Tying\video\Knot_Tying_D003_capture2,Knot_Tying_D003_capture2,D,D003,capture2,25,93,G1
datasets\jigsaw\Knot_Tying\Knot_Tying\video\Knot_Tying_D003_capture2,Knot_Tying_D003_capture2,D,D003,capture2,94,211,G12
datasets\jigsaw\Knot_Tying\Knot_Tying\video\Knot_Tying_D003_capture2,Knot_Tying_D003_capture2,D,D003,capture2,212,300,G13
datasets\jigsaw\Knot_Tying\Knot_Tying\video\Knot_Tying_D003_capture2,Knot_Tying_D003_capture2,D,D003,capture2,301,359,G14
datasets\jigsaw\Knot_Tying\Knot_Tying\video\Knot_Tying_D003_capture2,Knot_Tying_D003_capture2,D,D003,capture2,360,479,G15
datasets\jigsaw\Knot_Tying\Knot_Tying\video\Knot_Tying_D003_capture2,Knot_Tying_D003_capture2,D,D003,capture2,480,551,G14
datasets\jigsaw\Knot_Tying\Knot_Tying\video\Knot_Tying_D003_capture2,Knot_Tying_D003_capture2,D,D003,capture2,552,729,G12
datasets\jigsaw\Knot_Tying\Knot_Tying\video\Knot_Tying_D003_capture2,Knot_Tying_D003_capture2,D,D003,capture2,730,1012,G13
datasets\jigsaw\Knot_Tying\Knot_Tying\video\Knot_Tying_D003_capture2,Knot_Tying_D003_capture2,D,D003,capture2,1013,1060,G14
datasets\jigsaw\Knot_Tying\Knot_Tying\video\Knot_Tying_D003_capture2,Knot_Tying_D003_capture2,D,D003,capture2,1061,1151,G15
datasets\jigsaw\Knot_Tying\Knot_Tying\video\Knot_Tying_D003_capture2,Knot_Tying_D003_capture2,D,D003,capture2,1152,1220,G11
datasets\jigsaw\Knot_Tying\Knot_Tying\video\Knot_Tying_D004_capture1,Knot_Tying_D004_capture1,D,D004,capture1,28,109,G1
datasets\jigsaw\Knot_Tying\Knot_Tying\video\Knot_Tying_D004_capture1,Knot_Tying_D004_capture1,D,D004,capture1,110,216,G12
datasets\jigsaw\Knot_Tying\Knot_Tying\video\Knot_Tying_D004_capture1,Knot_Tying_D004_capture1,D,D004,capture1,217,262,G13
datasets\jigsaw\Knot_Tying\Knot_Tying\video\Knot_Tying_D004_capture1,Knot_Tying_D004_capture1,D,D004,capture1,263,313,G14
datasets\jigsaw\Knot_Tying\Knot_Tying\video\Knot_Tying_D004_capture1,Knot_Tying_D004_capture1,D,D004,capture1,314,411,G15
datasets\jigsaw\Knot_Tying\Knot_Tying\video\Knot_Tying_D004_capture1,Knot_Tying_D004_capture1,D,D004,capture1,412,488,G14
datasets\jigsaw\Knot_Tying\Knot_Tying\video\Knot_Tying_D004_capture1,Knot_Tying_D004_capture1,D,D004,capture1,489,610,G12
datasets\jigsaw\Knot_Tying\Knot_Tying\video\Knot_Tying_D004_capture1,Knot_Tying_D004_capture1,D,D004,capture1,611,686,G13
datasets\jigsaw\Knot_Tying\Knot_Tying\video\Knot_Tying_D004_capture1,Knot_Tying_D004_capture1,D,D004,capture1,687,765,G14
datasets\jigsaw\Knot_Tying\Knot_Tying\video\Knot_Tying_D004_capture1,Knot_Tying_D004_capture1,D,D004,capture1,766,859,G15
datasets\jigsaw\Knot_Tying\Knot_Tying\video\Knot_Tying_D004_capture1,Knot_Tying_D004_capture1,D,D004,capture1,860,936,G11
datasets\jigsaw\Knot_Tying\Knot_Tying\video\Knot_Tying_D004_capture2,Knot_Tying_D004_capture2,D,D004,capture2,28,109,G1
datasets\jigsaw\Knot_Tying\Knot_Tying\video\Knot_Tying_D004_capture2,Knot_Tying_D004_capture2,D,D004,capture2,110,216,G12
datasets\jigsaw\Knot_Tying\Knot_Tying\video\Knot_Tying_D004_capture2,Knot_Tying_D004_capture2,D,D004,capture2,217,262,G13
datasets\jigsaw\Knot_Tying\Knot_Tying\video\Knot_Tying_D004_capture2,Knot_Tying_D004_capture2,D,D004,capture2,263,313,G14
datasets\jigsaw\Knot_Tying\Knot_Tying\video\Knot_Tying_D004_capture2,Knot_Tying_D004_capture2,D,D004,capture2,314,411,G15
datasets\jigsaw\Knot_Tying\Knot_Tying\video\Knot_Tying_D004_capture2,Knot_Tying_D004_capture2,D,D004,capture2,412,488,G14
datasets\jigsaw\Knot_Tying\Knot_Tying\video\Knot_Tying_D004_capture2,Knot_Tying_D004_capture2,D,D004,capture2,489,610,G12
datasets\jigsaw\Knot_Tying\Knot_Tying\video\Knot_Tying_D004_capture2,Knot_Tying_D004_capture2,D,D004,capture2,611,686,G13
datasets\jigsaw\Knot_Tying\Knot_Tying\video\Knot_Tying_D004_capture2,Knot_Tying_D004_capture2,D,D004,capture2,687,765,G14
datasets\jigsaw\Knot_Tying\Knot_Tying\video\Knot_Tying_D004_capture2,Knot_Tying_D004_capture2,D,D004,capture2,766,859,G15
datasets\jigsaw\Knot_Tying\Knot_Tying\video\Knot_Tying_D004_capture2,Knot_Tying_D004_capture2,D,D004,capture2,860,936,G11
datasets\jigsaw\Knot_Tying\Knot_Tying\video\Knot_Tying_D005_capture1,Knot_Tying_D005_capture1,D,D005,capture1,20,83,G1
datasets\jigsaw\Knot_Tying\Knot_Tying\video\Knot_Tying_D005_capture1,Knot_Tying_D005_capture1,D,D005,capture1,84,223,G12
datasets\jigsaw\Knot_Tying\Knot_Tying\video\Knot_Tying_D005_capture1,Knot_Tying_D005_capture1,D,D005,capture1,224,309,G13
datasets\jigsaw\Knot_Tying\Knot_Tying\video\Knot_Tying_D005_capture1,Knot_Tying_D005_capture1,D,D005,capture1,310,385,G14
datasets\jigsaw\Knot_Tying\Knot_Tying\video\Knot_Tying_D005_capture1,Knot_Tying_D005_capture1,D,D005,capture1,386,530,G15
datasets\jigsaw\Knot_Tying\Knot_Tying\video\Knot_Tying_D005_capture1,Knot_Tying_D005_capture1,D,D005,capture1,531,594,G14
datasets\jigsaw\Knot_Tying\Knot_Tying\video\Knot_Tying_D005_capture1,Knot_Tying_D005_capture1,D,D005,capture1,595,703,G12
datasets\jigsaw\Knot_Tying\Knot_Tying\video\Knot_Tying_D005_capture1,Knot_Tying_D005_capture1,D,D005,capture1,704,772,G13
datasets\jigsaw\Knot_Tying\Knot_Tying\video\Knot_Tying_D005_capture1,Knot_Tying_D005_capture1,D,D005,capture1,773,860,G14
datasets\jigsaw\Knot_Tying\Knot_Tying\video\Knot_Tying_D005_capture1,Knot_Tying_D005_capture1,D,D005,capture1,861,1033,G15
datasets\jigsaw\Knot_Tying\Knot_Tying\video\Knot_Tying_D005_capture1,Knot_Tying_D005_capture1,D,D005,capture1,1034,1117,G11
datasets\jigsaw\Knot_Tying\Knot_Tying\video\Knot_Tying_D005_capture2,Knot_Tying_D005_capture2,D,D005,capture2,20,83,G1
datasets\jigsaw\Knot_Tying\Knot_Tying\video\Knot_Tying_D005_capture2,Knot_Tying_D005_capture2,D,D005,capture2,84,223,G12
datasets\jigsaw\Knot_Tying\Knot_Tying\video\Knot_Tying_D005_capture2,Knot_Tying_D005_capture2,D,D005,capture2,224,309,G13
datasets\jigsaw\Knot_Tying\Knot_Tying\video\Knot_Tying_D005_capture2,Knot_Tying_D005_capture2,D,D005,capture2,310,385,G14
datasets\jigsaw\Knot_Tying\Knot_Tying\video\Knot_Tying_D005_capture2,Knot_Tying_D005_capture2,D,D005,capture2,386,530,G15
datasets\jigsaw\Knot_Tying\Knot_Tying\video\Knot_Tying_D005_capture2,Knot_Tying_D005_capture2,D,D005,capture2,531,594,G14
datasets\jigsaw\Knot_Tying\Knot_Tying\video\Knot_Tying_D005_capture2,Knot_Tying_D005_capture2,D,D005,capture2,595,703,G12
datasets\jigsaw\Knot_Tying\Knot_Tying\video\Knot_Tying_D005_capture2,Knot_Tying_D005_capture2,D,D005,capture2,704,772,G13
datasets\jigsaw\Knot_Tying\Knot_Tying\video\Knot_Tying_D005_capture2,Knot_Tying_D005_capture2,D,D005,capture2,773,860,G14
datasets\jigsaw\Knot_Tying\Knot_Tying\video\Knot_Tying_D005_capture2,Knot_Tying_D005_capture2,D,D005,capture2,861,1033,G15
datasets\jigsaw\Knot_Tying\Knot_Tying\video\Knot_Tying_D005_capture2,Knot_Tying_D005_capture2,D,D005,capture2,1034,1117,G11
datasets\jigsaw\Knot_Tying\Knot_Tying\video\Knot_Tying_E001_capture1,Knot_Tying_E001_capture1,E,E001,capture1,139,369,G12
datasets\jigsaw\Knot_Tying\Knot_Tying\video\Knot_Tying_E001_capture1,Knot_Tying_E001_capture1,E,E001,capture1,370,520,G13
datasets\jigsaw\Knot_Tying\Knot_Tying\video\Knot_Tying_E001_capture1,Knot_Tying_E001_capture1,E,E001,capture1,521,589,G14
datasets\jigsaw\Knot_Tying\Knot_Tying\video\Knot_Tying_E001_capture1,Knot_Tying_E001_capture1,E,E001,capture1,590,732,G15
datasets\jigsaw\Knot_Tying\Knot_Tying\video\Knot_Tying_E001_capture1,Knot_Tying_E001_capture1,E,E001,capture1,733,841,G14
datasets\jigsaw\Knot_Tying\Knot_Tying\video\Knot_Tying_E001_capture1,Knot_Tying_E001_capture1,E,E001,capture1,842,955,G12
datasets\jigsaw\Knot_Tying\Knot_Tying\video\Knot_Tying_E001_capture1,Knot_Tying_E001_capture1,E,E001,capture1,956,1027,G13
datasets\jigsaw\Knot_Tying\Knot_Tying\video\Knot_Tying_E001_capture1,Knot_Tying_E001_capture1,E,E001,capture1,1028,1104,G14
datasets\jigsaw\Knot_Tying\Knot_Tying\video\Knot_Tying_E001_capture1,Knot_Tying_E001_capture1,E,E001,capture1,1105,1434,G15
datasets\jigsaw\Knot_Tying\Knot_Tying\video\Knot_Tying_E001_capture1,Knot_Tying_E001_capture1,E,E001,capture1,1435,1550,G11
datasets\jigsaw\Knot_Tying\Knot_Tying\video\Knot_Tying_E001_capture2,Knot_Tying_E001_capture2,E,E001,capture2,139,369,G12
datasets\jigsaw\Knot_Tying\Knot_Tying\video\Knot_Tying_E001_capture2,Knot_Tying_E001_capture2,E,E001,capture2,370,520,G13
datasets\jigsaw\Knot_Tying\Knot_Tying\video\Knot_Tying_E001_capture2,Knot_Tying_E001_capture2,E,E001,capture2,521,589,G14
datasets\jigsaw\Knot_Tying\Knot_Tying\video\Knot_Tying_E001_capture2,Knot_Tying_E001_capture2,E,E001,capture2,590,732,G15
datasets\jigsaw\Knot_Tying\Knot_Tying\video\Knot_Tying_E001_capture2,Knot_Tying_E001_capture2,E,E001,capture2,733,841,G14
datasets\jigsaw\Knot_Tying\Knot_Tying\video\Knot_Tying_E001_capture2,Knot_Tying_E001_capture2,E,E001,capture2,842,955,G12
datasets\jigsaw\Knot_Tying\Knot_Tying\video\Knot_Tying_E001_capture2,Knot_Tying_E001_capture2,E,E001,capture2,956,1027,G13
datasets\jigsaw\Knot_Tying\Knot_Tying\video\Knot_Tying_E001_capture2,Knot_Tying_E001_capture2,E,E001,capture2,1028,1104,G14
datasets\jigsaw\Knot_Tying\Knot_Tying\video\Knot_Tying_E001_capture2,Knot_Tying_E001_capture2,E,E001,capture2,1105,1434,G15
datasets\jigsaw\Knot_Tying\Knot_Tying\video\Knot_Tying_E001_capture2,Knot_Tying_E001_capture2,E,E001,capture2,1435,1550,G11
datasets\jigsaw\Knot_Tying\Knot_Tying\video\Knot_Tying_E002_capture1,Knot_Tying_E002_capture1,E,E002,capture1,40,135,G1
datasets\jigsaw\Knot_Tying\Knot_Tying\video\Knot_Tying_E002_capture1,Knot_Tying_E002_capture1,E,E002,capture1,136,270,G12
datasets\jigsaw\Knot_Tying\Knot_Tying\video\Knot_Tying_E002_capture1,Knot_Tying_E002_capture1,E,E002,capture1,271,368,G13
datasets\jigsaw\Knot_Tying\Knot_Tying\video\Knot_Tying_E002_capture1,Knot_Tying_E002_capture1,E,E002,capture1,369,434,G14
datasets\jigsaw\Knot_Tying\Knot_Tying\video\Knot_Tying_E002_capture1,Knot_Tying_E002_capture1,E,E002,capture1,435,614,G15
datasets\jigsaw\Knot_Tying\Knot_Tying\video\Knot_Tying_E002_capture1,Knot_Tying_E002_capture1,E,E002,capture1,615,717,G14
datasets\jigsaw\Knot_Tying\Knot_Tying\video\Knot_Tying_E002_capture1,Knot_Tying_E002_capture1,E,E002,capture1,718,844,G12
datasets\jigsaw\Knot_Tying\Knot_Tying\video\Knot_Tying_E002_capture1,Knot_Tying_E002_capture1,E,E002,capture1,845,956,G13
datasets\jigsaw\Knot_Tying\Knot_Tying\video\Knot_Tying_E002_capture1,Knot_Tying_E002_capture1,E,E002,capture1,957,1010,G14
datasets\jigsaw\Knot_Tying\Knot_Tying\video\Knot_Tying_E002_capture1,Knot_Tying_E002_capture1,E,E002,capture1,1011,1157,G15
datasets\jigsaw\Knot_Tying\Knot_Tying\video\Knot_Tying_E002_capture1,Knot_Tying_E002_capture1,E,E002,capture1,1158,1257,G11
datasets\jigsaw\Knot_Tying\Knot_Tying\video\Knot_Tying_E002_capture2,Knot_Tying_E002_capture2,E,E002,capture2,40,135,G1
datasets\jigsaw\Knot_Tying\Knot_Tying\video\Knot_Tying_E002_capture2,Knot_Tying_E002_capture2,E,E002,capture2,136,270,G12
datasets\jigsaw\Knot_Tying\Knot_Tying\video\Knot_Tying_E002_capture2,Knot_Tying_E002_capture2,E,E002,capture2,271,368,G13
datasets\jigsaw\Knot_Tying\Knot_Tying\video\Knot_Tying_E002_capture2,Knot_Tying_E002_capture2,E,E002,capture2,369,434,G14
datasets\jigsaw\Knot_Tying\Knot_Tying\video\Knot_Tying_E002_capture2,Knot_Tying_E002_capture2,E,E002,capture2,435,614,G15
datasets\jigsaw\Knot_Tying\Knot_Tying\video\Knot_Tying_E002_capture2,Knot_Tying_E002_capture2,E,E002,capture2,615,717,G14
datasets\jigsaw\Knot_Tying\Knot_Tying\video\Knot_Tying_E002_capture2,Knot_Tying_E002_capture2,E,E002,capture2,718,844,G12
datasets\jigsaw\Knot_Tying\Knot_Tying\video\Knot_Tying_E002_capture2,Knot_Tying_E002_capture2,E,E002,capture2,845,956,G13
datasets\jigsaw\Knot_Tying\Knot_Tying\video\Knot_Tying_E002_capture2,Knot_Tying_E002_capture2,E,E002,capture2,957,1010,G14
datasets\jigsaw\Knot_Tying\Knot_Tying\video\Knot_Tying_E002_capture2,Knot_Tying_E002_capture2,E,E002,capture2,1011,1157,G15
datasets\jigsaw\Knot_Tying\Knot_Tying\video\Knot_Tying_E002_capture2,Knot_Tying_E002_capture2,E,E002,capture2,1158,1257,G11
datasets\jigsaw\Knot_Tying\Knot_Tying\video\Knot_Tying_E003_capture1,Knot_Tying_E003_capture1,E,E003,capture1,163,242,G1
datasets\jigsaw\Knot_Tying\Knot_Tying\video\Knot_Tying_E003_capture1,Knot_Tying_E003_capture1,E,E003,capture1,243,399,G12
datasets\jigsaw\Knot_Tying\Knot_Tying\video\Knot_Tying_E003_capture1,Knot_Tying_E003_capture1,E,E003,capture1,400,503,G13
datasets\jigsaw\Knot_Tying\Knot_Tying\video\Knot_Tying_E003_capture1,Knot_Tying_E003_capture1,E,E003,capture1,504,571,G14
datasets\jigsaw\Knot_Tying\Knot_Tying\video\Knot_Tying_E003_capture1,Knot_Tying_E003_capture1,E,E003,capture1,572,751,G15
datasets\jigsaw\Knot_Tying\Knot_Tying\video\Knot_Tying_E003_capture1,Knot_Tying_E003_capture1,E,E003,capture1,752,883,G14
datasets\jigsaw\Knot_Tying\Knot_Tying\video\Knot_Tying_E003_capture1,Knot_Tying_E003_capture1,E,E003,capture1,884,975,G12
datasets\jigsaw\Knot_Tying\Knot_Tying\video\Knot_Tying_E003_capture1,Knot_Tying_E003_capture1,E,E003,capture1,976,1054,G13
datasets\jigsaw\Knot_Tying\Knot_Tying\video\Knot_Tying_E003_capture1,Knot_Tying_E003_capture1,E,E003,capture1,1055,1101,G14
datasets\jigsaw\Knot_Tying\Knot_Tying\video\Knot_Tying_E003_capture1,Knot_Tying_E003_capture1,E,E003,capture1,1102,1249,G15
datasets\jigsaw\Knot_Tying\Knot_Tying\video\Knot_Tying_E003_capture1,Knot_Tying_E003_capture1,E,E003,capture1,1250,1360,G11
datasets\jigsaw\Knot_Tying\Knot_Tying\video\Knot_Tying_E003_capture2,Knot_Tying_E003_capture2,E,E003,capture2,163,242,G1
datasets\jigsaw\Knot_Tying\Knot_Tying\video\Knot_Tying_E003_capture2,Knot_Tying_E003_capture2,E,E003,capture2,243,399,G12
datasets\jigsaw\Knot_Tying\Knot_Tying\video\Knot_Tying_E003_capture2,Knot_Tying_E003_capture2,E,E003,capture2,400,503,G13
datasets\jigsaw\Knot_Tying\Knot_Tying\video\Knot_Tying_E003_capture2,Knot_Tying_E003_capture2,E,E003,capture2,504,571,G14
datasets\jigsaw\Knot_Tying\Knot_Tying\video\Knot_Tying_E003_capture2,Knot_Tying_E003_capture2,E,E003,capture2,572,751,G15
datasets\jigsaw\Knot_Tying\Knot_Tying\video\Knot_Tying_E003_capture2,Knot_Tying_E003_capture2,E,E003,capture2,752,883,G14
datasets\jigsaw\Knot_Tying\Knot_Tying\video\Knot_Tying_E003_capture2,Knot_Tying_E003_capture2,E,E003,capture2,884,975,G12
datasets\jigsaw\Knot_Tying\Knot_Tying\video\Knot_Tying_E003_capture2,Knot_Tying_E003_capture2,E,E003,capture2,976,1054,G13
datasets\jigsaw\Knot_Tying\Knot_Tying\video\Knot_Tying_E003_capture2,Knot_Tying_E003_capture2,E,E003,capture2,1055,1101,G14
datasets\jigsaw\Knot_Tying\Knot_Tying\video\Knot_Tying_E003_capture2,Knot_Tying_E003_capture2,E,E003,capture2,1102,1249,G15
datasets\jigsaw\Knot_Tying\Knot_Tying\video\Knot_Tying_E003_capture2,Knot_Tying_E003_capture2,E,E003,capture2,1250,1360,G11
datasets\jigsaw\Knot_Tying\Knot_Tying\video\Knot_Tying_E004_capture1,Knot_Tying_E004_capture1,E,E004,capture1,60,123,G1
datasets\jigsaw\Knot_Tying\Knot_Tying\video\Knot_Tying_E004_capture1,Knot_Tying_E004_capture1,E,E004,capture1,124,265,G12
datasets\jigsaw\Knot_Tying\Knot_Tying\video\Knot_Tying_E004_capture1,Knot_Tying_E004_capture1,E,E004,capture1,266,361,G13
datasets\jigsaw\Knot_Tying\Knot_Tying\video\Knot_Tying_E004_capture1,Knot_Tying_E004_capture1,E,E004,capture1,362,429,G14
datasets\jigsaw\Knot_Tying\Knot_Tying\video\Knot_Tying_E004_capture1,Knot_Tying_E004_capture1,E,E004,capture1,430,640,G15
datasets\jigsaw\Knot_Tying\Knot_Tying\video\Knot_Tying_E004_capture1,Knot_Tying_E004_capture1,E,E004,capture1,641,785,G14
datasets\jigsaw\Knot_Tying\Knot_Tying\video\Knot_Tying_E004_capture1,Knot_Tying_E004_capture1,E,E004,capture1,786,933,G12
datasets\jigsaw\Knot_Tying\Knot_Tying\video\Knot_Tying_E004_capture1,Knot_Tying_E004_capture1,E,E004,capture1,934,1018,G13
datasets\jigsaw\Knot_Tying\Knot_Tying\video\Knot_Tying_E004_capture1,Knot_Tying_E004_capture1,E,E004,capture1,1019,1093,G14
datasets\jigsaw\Knot_Tying\Knot_Tying\video\Knot_Tying_E004_capture1,Knot_Tying_E004_capture1,E,E004,capture1,1094,1265,G15
datasets\jigsaw\Knot_Tying\Knot_Tying\video\Knot_Tying_E004_capture1,Knot_Tying_E004_capture1,E,E004,capture1,1266,1363,G11
datasets\jigsaw\Knot_Tying\Knot_Tying\video\Knot_Tying_E004_capture2,Knot_Tying_E004_capture2,E,E004,capture2,60,123,G1
datasets\jigsaw\Knot_Tying\Knot_Tying\video\Knot_Tying_E004_capture2,Knot_Tying_E004_capture2,E,E004,capture2,124,265,G12
datasets\jigsaw\Knot_Tying\Knot_Tying\video\Knot_Tying_E004_capture2,Knot_Tying_E004_capture2,E,E004,capture2,266,361,G13
datasets\jigsaw\Knot_Tying\Knot_Tying\video\Knot_Tying_E004_capture2,Knot_Tying_E004_capture2,E,E004,capture2,362,429,G14
datasets\jigsaw\Knot_Tying\Knot_Tying\video\Knot_Tying_E004_capture2,Knot_Tying_E004_capture2,E,E004,capture2,430,640,G15
datasets\jigsaw\Knot_Tying\Knot_Tying\video\Knot_Tying_E004_capture2,Knot_Tying_E004_capture2,E,E004,capture2,641,785,G14
datasets\jigsaw\Knot_Tying\Knot_Tying\video\Knot_Tying_E004_capture2,Knot_Tying_E004_capture2,E,E004,capture2,786,933,G12
datasets\jigsaw\Knot_Tying\Knot_Tying\video\Knot_Tying_E004_capture2,Knot_Tying_E004_capture2,E,E004,capture2,934,1018,G13
datasets\jigsaw\Knot_Tying\Knot_Tying\video\Knot_Tying_E004_capture2,Knot_Tying_E004_capture2,E,E004,capture2,1019,1093,G14
datasets\jigsaw\Knot_Tying\Knot_Tying\video\Knot_Tying_E004_capture2,Knot_Tying_E004_capture2,E,E004,capture2,1094,1265,G15
datasets\jigsaw\Knot_Tying\Knot_Tying\video\Knot_Tying_E004_capture2,Knot_Tying_E004_capture2,E,E004,capture2,1266,1363,G11
datasets\jigsaw\Knot_Tying\Knot_Tying\video\Knot_Tying_E005_capture1,Knot_Tying_E005_capture1,E,E005,capture1,43,131,G1
datasets\jigsaw\Knot_Tying\Knot_Tying\video\Knot_Tying_E005_capture1,Knot_Tying_E005_capture1,E,E005,capture1,132,288,G12
datasets\jigsaw\Knot_Tying\Knot_Tying\video\Knot_Tying_E005_capture1,Knot_Tying_E005_capture1,E,E005,capture1,289,357,G13
datasets\jigsaw\Knot_Tying\Knot_Tying\video\Knot_Tying_E005_capture1,Knot_Tying_E005_capture1,E,E005,capture1,358,441,G14
datasets\jigsaw\Knot_Tying\Knot_Tying\video\Knot_Tying_E005_capture1,Knot_Tying_E005_capture1,E,E005,capture1,442,602,G15
datasets\jigsaw\Knot_Tying\Knot_Tying\video\Knot_Tying_E005_capture1,Knot_Tying_E005_capture1,E,E005,capture1,603,673,G14
datasets\jigsaw\Knot_Tying\Knot_Tying\video\Knot_Tying_E005_capture1,Knot_Tying_E005_capture1,E,E005,capture1,674,779,G12
datasets\jigsaw\Knot_Tying\Knot_Tying\video\Knot_Tying_E005_capture1,Knot_Tying_E005_capture1,E,E005,capture1,780,838,G13
datasets\jigsaw\Knot_Tying\Knot_Tying\video\Knot_Tying_E005_capture1,Knot_Tying_E005_capture1,E,E005,capture1,839,896,G14
datasets\jigsaw\Knot_Tying\Knot_Tying\video\Knot_Tying_E005_capture1,Knot_Tying_E005_capture1,E,E005,capture1,897,1085,G15
datasets\jigsaw\Knot_Tying\Knot_Tying\video\Knot_Tying_E005_capture1,Knot_Tying_E005_capture1,E,E005,capture1,1086,1170,G11
datasets\jigsaw\Knot_Tying\Knot_Tying\video\Knot_Tying_E005_capture2,Knot_Tying_E005_capture2,E,E005,capture2,43,131,G1
datasets\jigsaw\Knot_Tying\Knot_Tying\video\Knot_Tying_E005_capture2,Knot_Tying_E005_capture2,E,E005,capture2,132,288,G12
datasets\jigsaw\Knot_Tying\Knot_Tying\video\Knot_Tying_E005_capture2,Knot_Tying_E005_capture2,E,E005,capture2,289,357,G13
datasets\jigsaw\Knot_Tying\Knot_Tying\video\Knot_Tying_E005_capture2,Knot_Tying_E005_capture2,E,E005,capture2,358,441,G14
datasets\jigsaw\Knot_Tying\Knot_Tying\video\Knot_Tying_E005_capture2,Knot_Tying_E005_capture2,E,E005,capture2,442,602,G15
datasets\jigsaw\Knot_Tying\Knot_Tying\video\Knot_Tying_E005_capture2,Knot_Tying_E005_capture2,E,E005,capture2,603,673,G14
datasets\jigsaw\Knot_Tying\Knot_Tying\video\Knot_Tying_E005_capture2,Knot_Tying_E005_capture2,E,E005,capture2,674,779,G12
datasets\jigsaw\Knot_Tying\Knot_Tying\video\Knot_Tying_E005_capture2,Knot_Tying_E005_capture2,E,E005,capture2,780,838,G13
datasets\jigsaw\Knot_Tying\Knot_Tying\video\Knot_Tying_E005_capture2,Knot_Tying_E005_capture2,E,E005,capture2,839,896,G14
datasets\jigsaw\Knot_Tying\Knot_Tying\video\Knot_Tying_E005_capture2,Knot_Tying_E005_capture2,E,E005,capture2,897,1085,G15
datasets\jigsaw\Knot_Tying\Knot_Tying\video\Knot_Tying_E005_capture2,Knot_Tying_E005_capture2,E,E005,capture2,1086,1170,G11
datasets\jigsaw\Knot_Tying\Knot_Tying\video\Knot_Tying_F001_capture1,Knot_Tying_F001_capture1,F,F001,capture1,1,34,G12
datasets\jigsaw\Knot_Tying\Knot_Tying\video\Knot_Tying_F001_capture1,Knot_Tying_F001_capture1,F,F001,capture1,35,86,G13
datasets\jigsaw\Knot_Tying\Knot_Tying\video\Knot_Tying_F001_capture1,Knot_Tying_F001_capture1,F,F001,capture1,87,133,G14
datasets\jigsaw\Knot_Tying\Knot_Tying\video\Knot_Tying_F001_capture1,Knot_Tying_F001_capture1,F,F001,capture1,134,354,G15
datasets\jigsaw\Knot_Tying\Knot_Tying\video\Knot_Tying_F001_capture1,Knot_Tying_F001_capture1,F,F001,capture1,355,415,G14
datasets\jigsaw\Knot_Tying\Knot_Tying\video\Knot_Tying_F001_capture1,Knot_Tying_F001_capture1,F,F001,capture1,416,477,G12
datasets\jigsaw\Knot_Tying\Knot_Tying\video\Knot_Tying_F001_capture1,Knot_Tying_F001_capture1,F,F001,capture1,478,591,G13
datasets\jigsaw\Knot_Tying\Knot_Tying\video\Knot_Tying_F001_capture1,Knot_Tying_F001_capture1,F,F001,capture1,592,709,G14
datasets\jigsaw\Knot_Tying\Knot_Tying\video\Knot_Tying_F001_capture1,Knot_Tying_F001_capture1,F,F001,capture1,710,841,G15
datasets\jigsaw\Knot_Tying\Knot_Tying\video\Knot_Tying_F001_capture1,Knot_Tying_F001_capture1,F,F001,capture1,842,896,G11
datasets\jigsaw\Knot_Tying\Knot_Tying\video\Knot_Tying_F001_capture2,Knot_Tying_F001_capture2,F,F001,capture2,1,34,G12
datasets\jigsaw\Knot_Tying\Knot_Tying\video\Knot_Tying_F001_capture2,Knot_Tying_F001_capture2,F,F001,capture2,35,86,G13
datasets\jigsaw\Knot_Tying\Knot_Tying\video\Knot_Tying_F001_capture2,Knot_Tying_F001_capture2,F,F001,capture2,87,133,G14
datasets\jigsaw\Knot_Tying\Knot_Tying\video\Knot_Tying_F001_capture2,Knot_Tying_F001_capture2,F,F001,capture2,134,354,G15
datasets\jigsaw\Knot_Tying\Knot_Tying\video\Knot_Tying_F001_capture2,Knot_Tying_F001_capture2,F,F001,capture2,355,415,G14
datasets\jigsaw\Knot_Tying\Knot_Tying\video\Knot_Tying_F001_capture2,Knot_Tying_F001_capture2,F,F001,capture2,416,477,G12
datasets\jigsaw\Knot_Tying\Knot_Tying\video\Knot_Tying_F001_capture2,Knot_Tying_F001_capture2,F,F001,capture2,478,591,G13
datasets\jigsaw\Knot_Tying\Knot_Tying\video\Knot_Tying_F001_capture2,Knot_Tying_F001_capture2,F,F001,capture2,592,709,G14
datasets\jigsaw\Knot_Tying\Knot_Tying\video\Knot_Tying_F001_capture2,Knot_Tying_F001_capture2,F,F001,capture2,710,841,G15
datasets\jigsaw\Knot_Tying\Knot_Tying\video\Knot_Tying_F001_capture2,Knot_Tying_F001_capture2,F,F001,capture2,842,896,G11
datasets\jigsaw\Knot_Tying\Knot_Tying\video\Knot_Tying_F002_capture1,Knot_Tying_F002_capture1,F,F002,capture1,1,52,G12
datasets\jigsaw\Knot_Tying\Knot_Tying\video\Knot_Tying_F002_capture1,Knot_Tying_F002_capture1,F,F002,capture1,53,129,G13
datasets\jigsaw\Knot_Tying\Knot_Tying\video\Knot_Tying_F002_capture1,Knot_Tying_F002_capture1,F,F002,capture1,130,238,G14
datasets\jigsaw\Knot_Tying\Knot_Tying\video\Knot_Tying_F002_capture1,Knot_Tying_F002_capture1,F,F002,capture1,239,400,G15
datasets\jigsaw\Knot_Tying\Knot_Tying\video\Knot_Tying_F002_capture1,Knot_Tying_F002_capture1,F,F002,capture1,401,462,G14
datasets\jigsaw\Knot_Tying\Knot_Tying\video\Knot_Tying_F002_capture1,Knot_Tying_F002_capture1,F,F002,capture1,463,540,G12
datasets\jigsaw\Knot_Tying\Knot_Tying\video\Knot_Tying_F002_capture1,Knot_Tying_F002_capture1,F,F002,capture1,541,597,G13
datasets\jigsaw\Knot_Tying\Knot_Tying\video\Knot_Tying_F002_capture1,Knot_Tying_F002_capture1,F,F002,capture1,598,651,G14
datasets\jigsaw\Knot_Tying\Knot_Tying\video\Knot_Tying_F002_capture1,Knot_Tying_F002_capture1,F,F002,capture1,652,919,G15
datasets\jigsaw\Knot_Tying\Knot_Tying\video\Knot_Tying_F002_capture1,Knot_Tying_F002_capture1,F,F002,capture1,920,984,G11
datasets\jigsaw\Knot_Tying\Knot_Tying\video\Knot_Tying_F002_capture2,Knot_Tying_F002_capture2,F,F002,capture2,1,52,G12
datasets\jigsaw\Knot_Tying\Knot_Tying\video\Knot_Tying_F002_capture2,Knot_Tying_F002_capture2,F,F002,capture2,53,129,G13
datasets\jigsaw\Knot_Tying\Knot_Tying\video\Knot_Tying_F002_capture2,Knot_Tying_F002_capture2,F,F002,capture2,130,238,G14
datasets\jigsaw\Knot_Tying\Knot_Tying\video\Knot_Tying_F002_capture2,Knot_Tying_F002_capture2,F,F002,capture2,239,400,G15
datasets\jigsaw\Knot_Tying\Knot_Tying\video\Knot_Tying_F002_capture2,Knot_Tying_F002_capture2,F,F002,capture2,401,462,G14
datasets\jigsaw\Knot_Tying\Knot_Tying\video\Knot_Tying_F002_capture2,Knot_Tying_F002_capture2,F,F002,capture2,463,540,G12
datasets\jigsaw\Knot_Tying\Knot_Tying\video\Knot_Tying_F002_capture2,Knot_Tying_F002_capture2,F,F002,capture2,541,597,G13
datasets\jigsaw\Knot_Tying\Knot_Tying\video\Knot_Tying_F002_capture2,Knot_Tying_F002_capture2,F,F002,capture2,598,651,G14
datasets\jigsaw\Knot_Tying\Knot_Tying\video\Knot_Tying_F002_capture2,Knot_Tying_F002_capture2,F,F002,capture2,652,919,G15
datasets\jigsaw\Knot_Tying\Knot_Tying\video\Knot_Tying_F002_capture2,Knot_Tying_F002_capture2,F,F002,capture2,920,984,G11
datasets\jigsaw\Knot_Tying\Knot_Tying\video\Knot_Tying_F003_capture1,Knot_Tying_F003_capture1,F,F003,capture1,89,351,G12
datasets\jigsaw\Knot_Tying\Knot_Tying\video\Knot_Tying_F003_capture1,Knot_Tying_F003_capture1,F,F003,capture1,352,440,G13
datasets\jigsaw\Knot_Tying\Knot_Tying\video\Knot_Tying_F003_capture1,Knot_Tying_F003_capture1,F,F003,capture1,441,1189,G14
datasets\jigsaw\Knot_Tying\Knot_Tying\video\Knot_Tying_F003_capture1,Knot_Tying_F003_capture1,F,F003,capture1,1190,1342,G15
datasets\jigsaw\Knot_Tying\Knot_Tying\video\Knot_Tying_F003_capture1,Knot_Tying_F003_capture1,F,F003,capture1,1343,1704,G12
datasets\jigsaw\Knot_Tying\Knot_Tying\video\Knot_Tying_F003_capture1,Knot_Tying_F003_capture1,F,F003,capture1,1705,1799,G13
datasets\jigsaw\Knot_Tying\Knot_Tying\video\Knot_Tying_F003_capture1,Knot_Tying_F003_capture1,F,F003,capture1,1800,2235,G14
datasets\jigsaw\Knot_Tying\Knot_Tying\video\Knot_Tying_F003_capture1,Knot_Tying_F003_capture1,F,F003,capture1,2236,2504,G15
datasets\jigsaw\Knot_Tying\Knot_Tying\video\Knot_Tying_F003_capture1,Knot_Tying_F003_capture1,F,F003,capture1,2505,2600,G11
datasets\jigsaw\Knot_Tying\Knot_Tying\video\Knot_Tying_F003_capture2,Knot_Tying_F003_capture2,F,F003,capture2,89,351,G12
datasets\jigsaw\Knot_Tying\Knot_Tying\video\Knot_Tying_F003_capture2,Knot_Tying_F003_capture2,F,F003,capture2,352,440,G13
datasets\jigsaw\Knot_Tying\Knot_Tying\video\Knot_Tying_F003_capture2,Knot_Tying_F003_capture2,F,F003,capture2,441,1189,G14
datasets\jigsaw\Knot_Tying\Knot_Tying\video\Knot_Tying_F003_capture2,Knot_Tying_F003_capture2,F,F003,capture2,1190,1342,G15
datasets\jigsaw\Knot_Tying\Knot_Tying\video\Knot_Tying_F003_capture2,Knot_Tying_F003_capture2,F,F003,capture2,1343,1704,G12
datasets\jigsaw\Knot_Tying\Knot_Tying\video\Knot_Tying_F003_capture2,Knot_Tying_F003_capture2,F,F003,capture2,1705,1799,G13
datasets\jigsaw\Knot_Tying\Knot_Tying\video\Knot_Tying_F003_capture2,Knot_Tying_F003_capture2,F,F003,capture2,1800,2235,G14
datasets\jigsaw\Knot_Tying\Knot_Tying\video\Knot_Tying_F003_capture2,Knot_Tying_F003_capture2,F,F003,capture2,2236,2504,G15
datasets\jigsaw\Knot_Tying\Knot_Tying\video\Knot_Tying_F003_capture2,Knot_Tying_F003_capture2,F,F003,capture2,2505,2600,G11
datasets\jigsaw\Knot_Tying\Knot_Tying\video\Knot_Tying_F004_capture1,Knot_Tying_F004_capture1,F,F004,capture1,1,42,G12
datasets\jigsaw\Knot_Tying\Knot_Tying\video\Knot_Tying_F004_capture1,Knot_Tying_F004_capture1,F,F004,capture1,43,113,G13
datasets\jigsaw\Knot_Tying\Knot_Tying\video\Knot_Tying_F004_capture1,Knot_Tying_F004_capture1,F,F004,capture1,114,400,G14
datasets\jigsaw\Knot_Tying\Knot_Tying\video\Knot_Tying_F004_capture1,Knot_Tying_F004_capture1,F,F004,capture1,401,602,G15
datasets\jigsaw\Knot_Tying\Knot_Tying\video\Knot_Tying_F004_capture1,Knot_Tying_F004_capture1,F,F004,capture1,603,682,G14
datasets\jigsaw\Knot_Tying\Knot_Tying\video\Knot_Tying_F004_capture1,Knot_Tying_F004_capture1,F,F004,capture1,683,891,G12
datasets\jigsaw\Knot_Tying\Knot_Tying\video\Knot_Tying_F004_capture1,Knot_Tying_F004_capture1,F,F004,capture1,892,1132,G13
datasets\jigsaw\Knot_Tying\Knot_Tying\video\Knot_Tying_F004_capture1,Knot_Tying_F004_capture1,F,F004,capture1,1133,1291,G14
datasets\jigsaw\Knot_Tying\Knot_Tying\video\Knot_Tying_F004_capture1,Knot_Tying_F004_capture1,F,F004,capture1,1292,1730,G15
datasets\jigsaw\Knot_Tying\Knot_Tying\video\Knot_Tying_F004_capture1,Knot_Tying_F004_capture1,F,F004,capture1,1731,1792,G11
datasets\jigsaw\Knot_Tying\Knot_Tying\video\Knot_Tying_F004_capture2,Knot_Tying_F004_capture2,F,F004,capture2,1,42,G12
datasets\jigsaw\Knot_Tying\Knot_Tying\video\Knot_Tying_F004_capture2,Knot_Tying_F004_capture2,F,F004,capture2,43,113,G13
datasets\jigsaw\Knot_Tying\Knot_Tying\video\Knot_Tying_F004_capture2,Knot_Tying_F004_capture2,F,F004,capture2,114,400,G14
datasets\jigsaw\Knot_Tying\Knot_Tying\video\Knot_Tying_F004_capture2,Knot_Tying_F004_capture2,F,F004,capture2,401,602,G15
datasets\jigsaw\Knot_Tying\Knot_Tying\video\Knot_Tying_F004_capture2,Knot_Tying_F004_capture2,F,F004,capture2,603,682,G14
datasets\jigsaw\Knot_Tying\Knot_Tying\video\Knot_Tying_F004_capture2,Knot_Tying_F004_capture2,F,F004,capture2,683,891,G12
datasets\jigsaw\Knot_Tying\Knot_Tying\video\Knot_Tying_F004_capture2,Knot_Tying_F004_capture2,F,F004,capture2,892,1132,G13
datasets\jigsaw\Knot_Tying\Knot_Tying\video\Knot_Tying_F004_capture2,Knot_Tying_F004_capture2,F,F004,capture2,1133,1291,G14
datasets\jigsaw\Knot_Tying\Knot_Tying\video\Knot_Tying_F004_capture2,Knot_Tying_F004_capture2,F,F004,capture2,1292,1730,G15
datasets\jigsaw\Knot_Tying\Knot_Tying\video\Knot_Tying_F004_capture2,Knot_Tying_F004_capture2,F,F004,capture2,1731,1792,G11
datasets\jigsaw\Knot_Tying\Knot_Tying\video\Knot_Tying_F005_capture1,Knot_Tying_F005_capture1,F,F005,capture1,13,185,G1
datasets\jigsaw\Knot_Tying\Knot_Tying\video\Knot_Tying_F005_capture1,Knot_Tying_F005_capture1,F,F005,capture1,186,254,G12
datasets\jigsaw\Knot_Tying\Knot_Tying\video\Knot_Tying_F005_capture1,Knot_Tying_F005_capture1,F,F005,capture1,255,314,G13
datasets\jigsaw\Knot_Tying\Knot_Tying\video\Knot_Tying_F005_capture1,Knot_Tying_F005_capture1,F,F005,capture1,315,392,G14
datasets\jigsaw\Knot_Tying\Knot_Tying\video\Knot_Tying_F005_capture1,Knot_Tying_F005_capture1,F,F005,capture1,393,616,G15
datasets\jigsaw\Knot_Tying\Knot_Tying\video\Knot_Tying_F005_capture1,Knot_Tying_F005_capture1,F,F005,capture1,617,786,G14
datasets\jigsaw\Knot_Tying\Knot_Tying\video\Knot_Tying_F005_capture1,Knot_Tying_F005_capture1,F,F005,capture1,787,869,G12
datasets\jigsaw\Knot_Tying\Knot_Tying\video\Knot_Tying_F005_capture1,Knot_Tying_F005_capture1,F,F005,capture1,870,920,G13
datasets\jigsaw\Knot_Tying\Knot_Tying\video\Knot_Tying_F005_capture1,Knot_Tying_F005_capture1,F,F005,capture1,921,978,G14
datasets\jigsaw\Knot_Tying\Knot_Tying\video\Knot_Tying_F005_capture1,Knot_Tying_F005_capture1,F,F005,capture1,979,1247,G15
datasets\jigsaw\Knot_Tying\Knot_Tying\video\Knot_Tying_F005_capture1,Knot_Tying_F005_capture1,F,F005,capture1,1248,1300,G11
datasets\jigsaw\Knot_Tying\Knot_Tying\video\Knot_Tying_F005_capture2,Knot_Tying_F005_capture2,F,F005,capture2,13,185,G1
datasets\jigsaw\Knot_Tying\Knot_Tying\video\Knot_Tying_F005_capture2,Knot_Tying_F005_capture2,F,F005,capture2,186,254,G12
datasets\jigsaw\Knot_Tying\Knot_Tying\video\Knot_Tying_F005_capture2,Knot_Tying_F005_capture2,F,F005,capture2,255,314,G13
datasets\jigsaw\Knot_Tying\Knot_Tying\video\Knot_Tying_F005_capture2,Knot_Tying_F005_capture2,F,F005,capture2,315,392,G14
datasets\jigsaw\Knot_Tying\Knot_Tying\video\Knot_Tying_F005_capture2,Knot_Tying_F005_capture2,F,F005,capture2,393,616,G15
datasets\jigsaw\Knot_Tying\Knot_Tying\video\Knot_Tying_F005_capture2,Knot_Tying_F005_capture2,F,F005,capture2,617,786,G14
datasets\jigsaw\Knot_Tying\Knot_Tying\video\Knot_Tying_F005_capture2,Knot_Tying_F005_capture2,F,F005,capture2,787,869,G12
datasets\jigsaw\Knot_Tying\Knot_Tying\video\Knot_Tying_F005_capture2,Knot_Tying_F005_capture2,F,F005,capture2,870,920,G13
datasets\jigsaw\Knot_Tying\Knot_Tying\video\Knot_Tying_F005_capture2,Knot_Tying_F005_capture2,F,F005,capture2,921,978,G14
datasets\jigsaw\Knot_Tying\Knot_Tying\video\Knot_Tying_F005_capture2,Knot_Tying_F005_capture2,F,F005,capture2,979,1247,G15
datasets\jigsaw\Knot_Tying\Knot_Tying\video\Knot_Tying_F005_capture2,Knot_Tying_F005_capture2,F,F005,capture2,1248,1300,G11
datasets\jigsaw\Knot_Tying\Knot_Tying\video\Knot_Tying_G001_capture1,Knot_Tying_G001_capture1,G,G001,capture1,182,245,G15
datasets\jigsaw\Knot_Tying\Knot_Tying\video\Knot_Tying_G001_capture1,Knot_Tying_G001_capture1,G,G001,capture1,246,523,G12
datasets\jigsaw\Knot_Tying\Knot_Tying\video\Knot_Tying_G001_capture1,Knot_Tying_G001_capture1,G,G001,capture1,524,608,G13
datasets\jigsaw\Knot_Tying\Knot_Tying\video\Knot_Tying_G001_capture1,Knot_Tying_G001_capture1,G,G001,capture1,609,654,G14
datasets\jigsaw\Knot_Tying\Knot_Tying\video\Knot_Tying_G001_capture1,Knot_Tying_G001_capture1,G,G001,capture1,655,1302,G15
datasets\jigsaw\Knot_Tying\Knot_Tying\video\Knot_Tying_G001_capture1,Knot_Tying_G001_capture1,G,G001,capture1,1303,1419,G12
datasets\jigsaw\Knot_Tying\Knot_Tying\video\Knot_Tying_G001_capture1,Knot_Tying_G001_capture1,G,G001,capture1,1420,1520,G13
datasets\jigsaw\Knot_Tying\Knot_Tying\video\Knot_Tying_G001_capture1,Knot_Tying_G001_capture1,G,G001,capture1,1521,1567,G14
datasets\jigsaw\Knot_Tying\Knot_Tying\video\Knot_Tying_G001_capture1,Knot_Tying_G001_capture1,G,G001,capture1,1568,2218,G15
datasets\jigsaw\Knot_Tying\Knot_Tying\video\Knot_Tying_G001_capture1,Knot_Tying_G001_capture1,G,G001,capture1,2219,2310,G11
datasets\jigsaw\Knot_Tying\Knot_Tying\video\Knot_Tying_G001_capture2,Knot_Tying_G001_capture2,G,G001,capture2,182,245,G15
datasets\jigsaw\Knot_Tying\Knot_Tying\video\Knot_Tying_G001_capture2,Knot_Tying_G001_capture2,G,G001,capture2,246,523,G12
datasets\jigsaw\Knot_Tying\Knot_Tying\video\Knot_Tying_G001_capture2,Knot_Tying_G001_capture2,G,G001,capture2,524,608,G13
datasets\jigsaw\Knot_Tying\Knot_Tying\video\Knot_Tying_G001_capture2,Knot_Tying_G001_capture2,G,G001,capture2,609,654,G14
datasets\jigsaw\Knot_Tying\Knot_Tying\video\Knot_Tying_G001_capture2,Knot_Tying_G001_capture2,G,G001,capture2,655,1302,G15
datasets\jigsaw\Knot_Tying\Knot_Tying\video\Knot_Tying_G001_capture2,Knot_Tying_G001_capture2,G,G001,capture2,1303,1419,G12
datasets\jigsaw\Knot_Tying\Knot_Tying\video\Knot_Tying_G001_capture2,Knot_Tying_G001_capture2,G,G001,capture2,1420,1520,G13
datasets\jigsaw\Knot_Tying\Knot_Tying\video\Knot_Tying_G001_capture2,Knot_Tying_G001_capture2,G,G001,capture2,1521,1567,G14
datasets\jigsaw\Knot_Tying\Knot_Tying\video\Knot_Tying_G001_capture2,Knot_Tying_G001_capture2,G,G001,capture2,1568,2218,G15
datasets\jigsaw\Knot_Tying\Knot_Tying\video\Knot_Tying_G001_capture2,Knot_Tying_G001_capture2,G,G001,capture2,2219,2310,G11
datasets\jigsaw\Knot_Tying\Knot_Tying\video\Knot_Tying_G002_capture1,Knot_Tying_G002_capture1,G,G002,capture1,1,259,G12
datasets\jigsaw\Knot_Tying\Knot_Tying\video\Knot_Tying_G002_capture1,Knot_Tying_G002_capture1,G,G002,capture1,260,327,G13
datasets\jigsaw\Knot_Tying\Knot_Tying\video\Knot_Tying_G002_capture1,Knot_Tying_G002_capture1,G,G002,capture1,328,662,G14
datasets\jigsaw\Knot_Tying\Knot_Tying\video\Knot_Tying_G002_capture1,Knot_Tying_G002_capture1,G,G002,capture1,663,1041,G12
datasets\jigsaw\Knot_Tying\Knot_Tying\video\Knot_Tying_G002_capture1,Knot_Tying_G002_capture1,G,G002,capture1,1042,1109,G13
datasets\jigsaw\Knot_Tying\Knot_Tying\video\Knot_Tying_G002_capture1,Knot_Tying_G002_capture1,G,G002,capture1,1110,1219,G14
datasets\jigsaw\Knot_Tying\Knot_Tying\video\Knot_Tying_G002_capture1,Knot_Tying_G002_capture1,G,G002,capture1,1220,2103,G15
datasets\jigsaw\Knot_Tying\Knot_Tying\video\Knot_Tying_G002_capture1,Knot_Tying_G002_capture1,G,G002,capture1,2104,2197,G11
datasets\jigsaw\Knot_Tying\Knot_Tying\video\Knot_Tying_G002_capture2,Knot_Tying_G002_capture2,G,G002,capture2,1,259,G12
datasets\jigsaw\Knot_Tying\Knot_Tying\video\Knot_Tying_G002_capture2,Knot_Tying_G002_capture2,G,G002,capture2,260,327,G13
datasets\jigsaw\Knot_Tying\Knot_Tying\video\Knot_Tying_G002_capture2,Knot_Tying_G002_capture2,G,G002,capture2,328,662,G14
datasets\jigsaw\Knot_Tying\Knot_Tying\video\Knot_Tying_G002_capture2,Knot_Tying_G002_capture2,G,G002,capture2,663,1041,G12
datasets\jigsaw\Knot_Tying\Knot_Tying\video\Knot_Tying_G002_capture2,Knot_Tying_G002_capture2,G,G002,capture2,1042,1109,G13
datasets\jigsaw\Knot_Tying\Knot_Tying\video\Knot_Tying_G002_capture2,Knot_Tying_G002_capture2,G,G002,capture2,1110,1219,G14
datasets\jigsaw\Knot_Tying\Knot_Tying\video\Knot_Tying_G002_capture2,Knot_Tying_G002_capture2,G,G002,capture2,1220,2103,G15
datasets\jigsaw\Knot_Tying\Knot_Tying\video\Knot_Tying_G002_capture2,Knot_Tying_G002_capture2,G,G002,capture2,2104,2197,G11
datasets\jigsaw\Knot_Tying\Knot_Tying\video\Knot_Tying_G003_capture1,Knot_Tying_G003_capture1,G,G003,capture1,175,468,G12
datasets\jigsaw\Knot_Tying\Knot_Tying\video\Knot_Tying_G003_capture1,Knot_Tying_G003_capture1,G,G003,capture1,469,538,G13
datasets\jigsaw\Knot_Tying\Knot_Tying\video\Knot_Tying_G003_capture1,Knot_Tying_G003_capture1,G,G003,capture1,539,612,G14
datasets\jigsaw\Knot_Tying\Knot_Tying\video\Knot_Tying_G003_capture1,Knot_Tying_G003_capture1,G,G003,capture1,613,1138,G15
datasets\jigsaw\Knot_Tying\Knot_Tying\video\Knot_Tying_G003_capture1,Knot_Tying_G003_capture1,G,G003,capture1,1139,1689,G12
datasets\jigsaw\Knot_Tying\Knot_Tying\video\Knot_Tying_G003_capture1,Knot_Tying_G003_capture1,G,G003,capture1,1690,1751,G13
datasets\jigsaw\Knot_Tying\Knot_Tying\video\Knot_Tying_G003_capture1,Knot_Tying_G003_capture1,G,G003,capture1,1752,1915,G14
datasets\jigsaw\Knot_Tying\Knot_Tying\video\Knot_Tying_G003_capture1,Knot_Tying_G003_capture1,G,G003,capture1,1916,2275,G15
datasets\jigsaw\Knot_Tying\Knot_Tying\video\Knot_Tying_G003_capture1,Knot_Tying_G003_capture1,G,G003,capture1,2276,2361,G11
datasets\jigsaw\Knot_Tying\Knot_Tying\video\Knot_Tying_G003_capture2,Knot_Tying_G003_capture2,G,G003,capture2,175,468,G12
datasets\jigsaw\Knot_Tying\Knot_Tying\video\Knot_Tying_G003_capture2,Knot_Tying_G003_capture2,G,G003,capture2,469,538,G13
datasets\jigsaw\Knot_Tying\Knot_Tying\video\Knot_Tying_G003_capture2,Knot_Tying_G003_capture2,G,G003,capture2,539,612,G14
datasets\jigsaw\Knot_Tying\Knot_Tying\video\Knot_Tying_G003_capture2,Knot_Tying_G003_capture2,G,G003,capture2,613,1138,G15
datasets\jigsaw\Knot_Tying\Knot_Tying\video\Knot_Tying_G003_capture2,Knot_Tying_G003_capture2,G,G003,capture2,1139,1689,G12
datasets\jigsaw\Knot_Tying\Knot_Tying\video\Knot_Tying_G003_capture2,Knot_Tying_G003_capture2,G,G003,capture2,1690,1751,G13
datasets\jigsaw\Knot_Tying\Knot_Tying\video\Knot_Tying_G003_capture2,Knot_Tying_G003_capture2,G,G003,capture2,1752,1915,G14
datasets\jigsaw\Knot_Tying\Knot_Tying\video\Knot_Tying_G003_capture2,Knot_Tying_G003_capture2,G,G003,capture2,1916,2275,G15
datasets\jigsaw\Knot_Tying\Knot_Tying\video\Knot_Tying_G003_capture2,Knot_Tying_G003_capture2,G,G003,capture2,2276,2361,G11
datasets\jigsaw\Knot_Tying\Knot_Tying\video\Knot_Tying_G004_capture1,Knot_Tying_G004_capture1,G,G004,capture1,80,359,G12
datasets\jigsaw\Knot_Tying\Knot_Tying\video\Knot_Tying_G004_capture1,Knot_Tying_G004_capture1,G,G004,capture1,360,439,G13
datasets\jigsaw\Knot_Tying\Knot_Tying\video\Knot_Tying_G004_capture1,Knot_Tying_G004_capture1,G,G004,capture1,440,1283,G14
datasets\jigsaw\Knot_Tying\Knot_Tying\video\Knot_Tying_G004_capture1,Knot_Tying_G004_capture1,G,G004,capture1,1284,1529,G12
datasets\jigsaw\Knot_Tying\Knot_Tying\video\Knot_Tying_G004_capture1,Knot_Tying_G004_capture1,G,G004,capture1,1530,1605,G13
datasets\jigsaw\Knot_Tying\Knot_Tying\video\Knot_Tying_G004_capture1,Knot_Tying_G004_capture1,G,G004,capture1,1606,1683,G14
datasets\jigsaw\Knot_Tying\Knot_Tying\video\Knot_Tying_G004_capture1,Knot_Tying_G004_capture1,G,G004,capture1,1684,2305,G15
datasets\jigsaw\Knot_Tying\Knot_Tying\video\Knot_Tying_G004_capture1,Knot_Tying_G004_capture1,G,G004,capture1,2306,2426,G12
datasets\jigsaw\Knot_Tying\Knot_Tying\video\Knot_Tying_G004_capture1,Knot_Tying_G004_capture1,G,G004,capture1,2427,2511,G13
datasets\jigsaw\Knot_Tying\Knot_Tying\video\Knot_Tying_G004_capture1,Knot_Tying_G004_capture1,G,G004,capture1,2512,2619,G14
datasets\jigsaw\Knot_Tying\Knot_Tying\video\Knot_Tying_G004_capture1,Knot_Tying_G004_capture1,G,G004,capture1,2620,3258,G15
datasets\jigsaw\Knot_Tying\Knot_Tying\video\Knot_Tying_G004_capture1,Knot_Tying_G004_capture1,G,G004,capture1,3259,3342,G12
datasets\jigsaw\Knot_Tying\Knot_Tying\video\Knot_Tying_G004_capture1,Knot_Tying_G004_capture1,G,G004,capture1,3343,3422,G13
datasets\jigsaw\Knot_Tying\Knot_Tying\video\Knot_Tying_G004_capture1,Knot_Tying_G004_capture1,G,G004,capture1,3423,3471,G14
datasets\jigsaw\Knot_Tying\Knot_Tying\video\Knot_Tying_G004_capture1,Knot_Tying_G004_capture1,G,G004,capture1,3472,3754,G15
datasets\jigsaw\Knot_Tying\Knot_Tying\video\Knot_Tying_G004_capture1,Knot_Tying_G004_capture1,G,G004,capture1,3755,3853,G11
datasets\jigsaw\Knot_Tying\Knot_Tying\video\Knot_Tying_G004_capture2,Knot_Tying_G004_capture2,G,G004,capture2,80,359,G12
datasets\jigsaw\Knot_Tying\Knot_Tying\video\Knot_Tying_G004_capture2,Knot_Tying_G004_capture2,G,G004,capture2,360,439,G13
datasets\jigsaw\Knot_Tying\Knot_Tying\video\Knot_Tying_G004_capture2,Knot_Tying_G004_capture2,G,G004,capture2,440,1283,G14
datasets\jigsaw\Knot_Tying\Knot_Tying\video\Knot_Tying_G004_capture2,Knot_Tying_G004_capture2,G,G004,capture2,1284,1529,G12
datasets\jigsaw\Knot_Tying\Knot_Tying\video\Knot_Tying_G004_capture2,Knot_Tying_G004_capture2,G,G004,capture2,1530,1605,G13
datasets\jigsaw\Knot_Tying\Knot_Tying\video\Knot_Tying_G004_capture2,Knot_Tying_G004_capture2,G,G004,capture2,1606,1683,G14
datasets\jigsaw\Knot_Tying\Knot_Tying\video\Knot_Tying_G004_capture2,Knot_Tying_G004_capture2,G,G004,capture2,1684,2305,G15
datasets\jigsaw\Knot_Tying\Knot_Tying\video\Knot_Tying_G004_capture2,Knot_Tying_G004_capture2,G,G004,capture2,2306,2426,G12
datasets\jigsaw\Knot_Tying\Knot_Tying\video\Knot_Tying_G004_capture2,Knot_Tying_G004_capture2,G,G004,capture2,2427,2511,G13
datasets\jigsaw\Knot_Tying\Knot_Tying\video\Knot_Tying_G004_capture2,Knot_Tying_G004_capture2,G,G004,capture2,2512,2619,G14
datasets\jigsaw\Knot_Tying\Knot_Tying\video\Knot_Tying_G004_capture2,Knot_Tying_G004_capture2,G,G004,capture2,2620,3258,G15
datasets\jigsaw\Knot_Tying\Knot_Tying\video\Knot_Tying_G004_capture2,Knot_Tying_G004_capture2,G,G004,capture2,3259,3342,G12
datasets\jigsaw\Knot_Tying\Knot_Tying\video\Knot_Tying_G004_capture2,Knot_Tying_G004_capture2,G,G004,capture2,3343,3422,G13
datasets\jigsaw\Knot_Tying\Knot_Tying\video\Knot_Tying_G004_capture2,Knot_Tying_G004_capture2,G,G004,capture2,3423,3471,G14
datasets\jigsaw\Knot_Tying\Knot_Tying\video\Knot_Tying_G004_capture2,Knot_Tying_G004_capture2,G,G004,capture2,3472,3754,G15
datasets\jigsaw\Knot_Tying\Knot_Tying\video\Knot_Tying_G004_capture2,Knot_Tying_G004_capture2,G,G004,capture2,3755,3853,G11
datasets\jigsaw\Knot_Tying\Knot_Tying\video\Knot_Tying_G005_capture1,Knot_Tying_G005_capture1,G,G005,capture1,23,257,G12
datasets\jigsaw\Knot_Tying\Knot_Tying\video\Knot_Tying_G005_capture1,Knot_Tying_G005_capture1,G,G005,capture1,258,325,G13
datasets\jigsaw\Knot_Tying\Knot_Tying\video\Knot_Tying_G005_capture1,Knot_Tying_G005_capture1,G,G005,capture1,326,372,G14
datasets\jigsaw\Knot_Tying\Knot_Tying\video\Knot_Tying_G005_capture1,Knot_Tying_G005_capture1,G,G005,capture1,373,567,G15
datasets\jigsaw\Knot_Tying\Knot_Tying\video\Knot_Tying_G005_capture1,Knot_Tying_G005_capture1,G,G005,capture1,568,1018,G12
datasets\jigsaw\Knot_Tying\Knot_Tying\video\Knot_Tying_G005_capture1,Knot_Tying_G005_capture1,G,G005,capture1,1019,1081,G13
datasets\jigsaw\Knot_Tying\Knot_Tying\video\Knot_Tying_G005_capture1,Knot_Tying_G005_capture1,G,G005,capture1,1082,1175,G14
datasets\jigsaw\Knot_Tying\Knot_Tying\video\Knot_Tying_G005_capture1,Knot_Tying_G005_capture1,G,G005,capture1,1176,1559,G15
datasets\jigsaw\Knot_Tying\Knot_Tying\video\Knot_Tying_G005_capture1,Knot_Tying_G005_capture1,G,G005,capture1,1560,1636,G11
datasets\jigsaw\Knot_Tying\Knot_Tying\video\Knot_Tying_G005_capture2,Knot_Tying_G005_capture2,G,G005,capture2,23,257,G12
datasets\jigsaw\Knot_Tying\Knot_Tying\video\Knot_Tying_G005_capture2,Knot_Tying_G005_capture2,G,G005,capture2,258,325,G13
datasets\jigsaw\Knot_Tying\Knot_Tying\video\Knot_Tying_G005_capture2,Knot_Tying_G005_capture2,G,G005,capture2,326,372,G14
datasets\jigsaw\Knot_Tying\Knot_Tying\video\Knot_Tying_G005_capture2,Knot_Tying_G005_capture2,G,G005,capture2,373,567,G15
datasets\jigsaw\Knot_Tying\Knot_Tying\video\Knot_Tying_G005_capture2,Knot_Tying_G005_capture2,G,G005,capture2,568,1018,G12
datasets\jigsaw\Knot_Tying\Knot_Tying\video\Knot_Tying_G005_capture2,Knot_Tying_G005_capture2,G,G005,capture2,1019,1081,G13
datasets\jigsaw\Knot_Tying\Knot_Tying\video\Knot_Tying_G005_capture2,Knot_Tying_G005_capture2,G,G005,capture2,1082,1175,G14
datasets\jigsaw\Knot_Tying\Knot_Tying\video\Knot_Tying_G005_capture2,Knot_Tying_G005_capture2,G,G005,capture2,1176,1559,G15
datasets\jigsaw\Knot_Tying\Knot_Tying\video\Knot_Tying_G005_capture2,Knot_Tying_G005_capture2,G,G005,capture2,1560,1636,G11
datasets\jigsaw\Knot_Tying\Knot_Tying\video\Knot_Tying_H003_capture1,Knot_Tying_H003_capture1,H,H003,capture1,193,339,G13
datasets\jigsaw\Knot_Tying\Knot_Tying\video\Knot_Tying_H003_capture1,Knot_Tying_H003_capture1,H,H003,capture1,340,670,G14
datasets\jigsaw\Knot_Tying\Knot_Tying\video\Knot_Tying_H003_capture1,Knot_Tying_H003_capture1,H,H003,capture1,671,861,G15
datasets\jigsaw\Knot_Tying\Knot_Tying\video\Knot_Tying_H003_capture1,Knot_Tying_H003_capture1,H,H003,capture1,862,1057,G14
datasets\jigsaw\Knot_Tying\Knot_Tying\video\Knot_Tying_H003_capture1,Knot_Tying_H003_capture1,H,H003,capture1,1058,1148,G13
datasets\jigsaw\Knot_Tying\Knot_Tying\video\Knot_Tying_H003_capture1,Knot_Tying_H003_capture1,H,H003,capture1,1149,1305,G14
datasets\jigsaw\Knot_Tying\Knot_Tying\video\Knot_Tying_H003_capture1,Knot_Tying_H003_capture1,H,H003,capture1,1306,1469,G15
datasets\jigsaw\Knot_Tying\Knot_Tying\video\Knot_Tying_H003_capture1,Knot_Tying_H003_capture1,H,H003,capture1,1470,1570,G11
datasets\jigsaw\Knot_Tying\Knot_Tying\video\Knot_Tying_H003_capture2,Knot_Tying_H003_capture2,H,H003,capture2,193,339,G13
datasets\jigsaw\Knot_Tying\Knot_Tying\video\Knot_Tying_H003_capture2,Knot_Tying_H003_capture2,H,H003,capture2,340,670,G14
datasets\jigsaw\Knot_Tying\Knot_Tying\video\Knot_Tying_H003_capture2,Knot_Tying_H003_capture2,H,H003,capture2,671,861,G15
datasets\jigsaw\Knot_Tying\Knot_Tying\video\Knot_Tying_H003_capture2,Knot_Tying_H003_capture2,H,H003,capture2,862,1057,G14
datasets\jigsaw\Knot_Tying\Knot_Tying\video\Knot_Tying_H003_capture2,Knot_Tying_H003_capture2,H,H003,capture2,1058,1148,G13
datasets\jigsaw\Knot_Tying\Knot_Tying\video\Knot_Tying_H003_capture2,Knot_Tying_H003_capture2,H,H003,capture2,1149,1305,G14
datasets\jigsaw\Knot_Tying\Knot_Tying\video\Knot_Tying_H003_capture2,Knot_Tying_H003_capture2,H,H003,capture2,1306,1469,G15
datasets\jigsaw\Knot_Tying\Knot_Tying\video\Knot_Tying_H003_capture2,Knot_Tying_H003_capture2,H,H003,capture2,1470,1570,G11
datasets\jigsaw\Knot_Tying\Knot_Tying\video\Knot_Tying_H004_capture1,Knot_Tying_H004_capture1,H,H004,capture1,1,40,G1
datasets\jigsaw\Knot_Tying\Knot_Tying\video\Knot_Tying_H004_capture1,Knot_Tying_H004_capture1,H,H004,capture1,41,261,G12
datasets\jigsaw\Knot_Tying\Knot_Tying\video\Knot_Tying_H004_capture1,Knot_Tying_H004_capture1,H,H004,capture1,262,372,G13
datasets\jigsaw\Knot_Tying\Knot_Tying\video\Knot_Tying_H004_capture1,Knot_Tying_H004_capture1,H,H004,capture1,373,458,G14
datasets\jigsaw\Knot_Tying\Knot_Tying\video\Knot_Tying_H004_capture1,Knot_Tying_H004_capture1,H,H004,capture1,459,615,G15
datasets\jigsaw\Knot_Tying\Knot_Tying\video\Knot_Tying_H004_capture1,Knot_Tying_H004_capture1,H,H004,capture1,616,890,G14
datasets\jigsaw\Knot_Tying\Knot_Tying\video\Knot_Tying_H004_capture1,Knot_Tying_H004_capture1,H,H004,capture1,891,971,G13
datasets\jigsaw\Knot_Tying\Knot_Tying\video\Knot_Tying_H004_capture1,Knot_Tying_H004_capture1,H,H004,capture1,972,1060,G14
datasets\jigsaw\Knot_Tying\Knot_Tying\video\Knot_Tying_H004_capture1,Knot_Tying_H004_capture1,H,H004,capture1,1061,1219,G15
datasets\jigsaw\Knot_Tying\Knot_Tying\video\Knot_Tying_H004_capture1,Knot_Tying_H004_capture1,H,H004,capture1,1220,1300,G11
datasets\jigsaw\Knot_Tying\Knot_Tying\video\Knot_Tying_H004_capture2,Knot_Tying_H004_capture2,H,H004,capture2,1,40,G1
datasets\jigsaw\Knot_Tying\Knot_Tying\video\Knot_Tying_H004_capture2,Knot_Tying_H004_capture2,H,H004,capture2,41,261,G12
datasets\jigsaw\Knot_Tying\Knot_Tying\video\Knot_Tying_H004_capture2,Knot_Tying_H004_capture2,H,H004,capture2,262,372,G13
datasets\jigsaw\Knot_Tying\Knot_Tying\video\Knot_Tying_H004_capture2,Knot_Tying_H004_capture2,H,H004,capture2,373,458,G14
datasets\jigsaw\Knot_Tying\Knot_Tying\video\Knot_Tying_H004_capture2,Knot_Tying_H004_capture2,H,H004,capture2,459,615,G15
datasets\jigsaw\Knot_Tying\Knot_Tying\video\Knot_Tying_H004_capture2,Knot_Tying_H004_capture2,H,H004,capture2,616,890,G14
datasets\jigsaw\Knot_Tying\Knot_Tying\video\Knot_Tying_H004_capture2,Knot_Tying_H004_capture2,H,H004,capture2,891,971,G13
datasets\jigsaw\Knot_Tying\Knot_Tying\video\Knot_Tying_H004_capture2,Knot_Tying_H004_capture2,H,H004,capture2,972,1060,G14
datasets\jigsaw\Knot_Tying\Knot_Tying\video\Knot_Tying_H004_capture2,Knot_Tying_H004_capture2,H,H004,capture2,1061,1219,G15
datasets\jigsaw\Knot_Tying\Knot_Tying\video\Knot_Tying_H004_capture2,Knot_Tying_H004_capture2,H,H004,capture2,1220,1300,G11
datasets\jigsaw\Knot_Tying\Knot_Tying\video\Knot_Tying_H005_capture1,Knot_Tying_H005_capture1,H,H005,capture1,1,19,G12
datasets\jigsaw\Knot_Tying\Knot_Tying\video\Knot_Tying_H005_capture1,Knot_Tying_H005_capture1,H,H005,capture1,20,100,G13
datasets\jigsaw\Knot_Tying\Knot_Tying\video\Knot_Tying_H005_capture1,Knot_Tying_H005_capture1,H,H005,capture1,101,274,G14
datasets\jigsaw\Knot_Tying\Knot_Tying\video\Knot_Tying_H005_capture1,Knot_Tying_H005_capture1,H,H005,capture1,275,454,G15
datasets\jigsaw\Knot_Tying\Knot_Tying\video\Knot_Tying_H005_capture1,Knot_Tying_H005_capture1,H,H005,capture1,455,608,G14
datasets\jigsaw\Knot_Tying\Knot_Tying\video\Knot_Tying_H005_capture1,Knot_Tying_H005_capture1,H,H005,capture1,609,984,G12
datasets\jigsaw\Knot_Tying\Knot_Tying\video\Knot_Tying_H005_capture1,Knot_Tying_H005_capture1,H,H005,capture1,985,1081,G13
datasets\jigsaw\Knot_Tying\Knot_Tying\video\Knot_Tying_H005_capture1,Knot_Tying_H005_capture1,H,H005,capture1,1082,1174,G14
datasets\jigsaw\Knot_Tying\Knot_Tying\video\Knot_Tying_H005_capture1,Knot_Tying_H005_capture1,H,H005,capture1,1175,1376,G15
datasets\jigsaw\Knot_Tying\Knot_Tying\video\Knot_Tying_H005_capture1,Knot_Tying_H005_capture1,H,H005,capture1,1377,1460,G11
datasets\jigsaw\Knot_Tying\Knot_Tying\video\Knot_Tying_H005_capture2,Knot_Tying_H005_capture2,H,H005,capture2,1,19,G12
datasets\jigsaw\Knot_Tying\Knot_Tying\video\Knot_Tying_H005_capture2,Knot_Tying_H005_capture2,H,H005,capture2,20,100,G13
datasets\jigsaw\Knot_Tying\Knot_Tying\video\Knot_Tying_H005_capture2,Knot_Tying_H005_capture2,H,H005,capture2,101,274,G14
datasets\jigsaw\Knot_Tying\Knot_Tying\video\Knot_Tying_H005_capture2,Knot_Tying_H005_capture2,H,H005,capture2,275,454,G15
datasets\jigsaw\Knot_Tying\Knot_Tying\video\Knot_Tying_H005_capture2,Knot_Tying_H005_capture2,H,H005,capture2,455,608,G14
datasets\jigsaw\Knot_Tying\Knot_Tying\video\Knot_Tying_H005_capture2,Knot_Tying_H005_capture2,H,H005,capture2,609,984,G12
datasets\jigsaw\Knot_Tying\Knot_Tying\video\Knot_Tying_H005_capture2,Knot_Tying_H005_capture2,H,H005,capture2,985,1081,G13
datasets\jigsaw\Knot_Tying\Knot_Tying\video\Knot_Tying_H005_capture2,Knot_Tying_H005_capture2,H,H005,capture2,1082,1174,G14
datasets\jigsaw\Knot_Tying\Knot_Tying\video\Knot_Tying_H005_capture2,Knot_Tying_H005_capture2,H,H005,capture2,1175,1376,G15
datasets\jigsaw\Knot_Tying\Knot_Tying\video\Knot_Tying_H005_capture2,Knot_Tying_H005_capture2,H,H005,capture2,1377,1460,G11
datasets\jigsaw\Knot_Tying\Knot_Tying\video\Knot_Tying_I001_capture1,Knot_Tying_I001_capture1,I,I001,capture1,20,94,G1
datasets\jigsaw\Knot_Tying\Knot_Tying\video\Knot_Tying_I001_capture1,Knot_Tying_I001_capture1,I,I001,capture1,95,248,G12
datasets\jigsaw\Knot_Tying\Knot_Tying\video\Knot_Tying_I001_capture1,Knot_Tying_I001_capture1,I,I001,capture1,249,441,G13
datasets\jigsaw\Knot_Tying\Knot_Tying\video\Knot_Tying_I001_capture1,Knot_Tying_I001_capture1,I,I001,capture1,442,1270,G14
datasets\jigsaw\Knot_Tying\Knot_Tying\video\Knot_Tying_I001_capture1,Knot_Tying_I001_capture1,I,I001,capture1,1271,1449,G15
datasets\jigsaw\Knot_Tying\Knot_Tying\video\Knot_Tying_I001_capture1,Knot_Tying_I001_capture1,I,I001,capture1,1450,1524,G14
datasets\jigsaw\Knot_Tying\Knot_Tying\video\Knot_Tying_I001_capture1,Knot_Tying_I001_capture1,I,I001,capture1,1525,1699,G12
datasets\jigsaw\Knot_Tying\Knot_Tying\video\Knot_Tying_I001_capture1,Knot_Tying_I001_capture1,I,I001,capture1,1700,1852,G13
datasets\jigsaw\Knot_Tying\Knot_Tying\video\Knot_Tying_I001_capture1,Knot_Tying_I001_capture1,I,I001,capture1,1853,1947,G14
datasets\jigsaw\Knot_Tying\Knot_Tying\video\Knot_Tying_I001_capture1,Knot_Tying_I001_capture1,I,I001,capture1,1948,2085,G15
datasets\jigsaw\Knot_Tying\Knot_Tying\video\Knot_Tying_I001_capture1,Knot_Tying_I001_capture1,I,I001,capture1,2086,2245,G11
datasets\jigsaw\Knot_Tying\Knot_Tying\video\Knot_Tying_I001_capture2,Knot_Tying_I001_capture2,I,I001,capture2,20,94,G1
datasets\jigsaw\Knot_Tying\Knot_Tying\video\Knot_Tying_I001_capture2,Knot_Tying_I001_capture2,I,I001,capture2,95,248,G12
datasets\jigsaw\Knot_Tying\Knot_Tying\video\Knot_Tying_I001_capture2,Knot_Tying_I001_capture2,I,I001,capture2,249,441,G13
datasets\jigsaw\Knot_Tying\Knot_Tying\video\Knot_Tying_I001_capture2,Knot_Tying_I001_capture2,I,I001,capture2,442,1270,G14
datasets\jigsaw\Knot_Tying\Knot_Tying\video\Knot_Tying_I001_capture2,Knot_Tying_I001_capture2,I,I001,capture2,1271,1449,G15
datasets\jigsaw\Knot_Tying\Knot_Tying\video\Knot_Tying_I001_capture2,Knot_Tying_I001_capture2,I,I001,capture2,1450,1524,G14
datasets\jigsaw\Knot_Tying\Knot_Tying\video\Knot_Tying_I001_capture2,Knot_Tying_I001_capture2,I,I001,capture2,1525,1699,G12
datasets\jigsaw\Knot_Tying\Knot_Tying\video\Knot_Tying_I001_capture2,Knot_Tying_I001_capture2,I,I001,capture2,1700,1852,G13
datasets\jigsaw\Knot_Tying\Knot_Tying\video\Knot_Tying_I001_capture2,Knot_Tying_I001_capture2,I,I001,capture2,1853,1947,G14
datasets\jigsaw\Knot_Tying\Knot_Tying\video\Knot_Tying_I001_capture2,Knot_Tying_I001_capture2,I,I001,capture2,1948,2085,G15
datasets\jigsaw\Knot_Tying\Knot_Tying\video\Knot_Tying_I001_capture2,Knot_Tying_I001_capture2,I,I001,capture2,2086,2245,G11
datasets\jigsaw\Knot_Tying\Knot_Tying\video\Knot_Tying_I002_capture1,Knot_Tying_I002_capture1,I,I002,capture1,6,114,G1
datasets\jigsaw\Knot_Tying\Knot_Tying\video\Knot_Tying_I002_capture1,Knot_Tying_I002_capture1,I,I002,capture1,115,423,G12
datasets\jigsaw\Knot_Tying\Knot_Tying\video\Knot_Tying_I002_capture1,Knot_Tying_I002_capture1,I,I002,capture1,424,713,G13
datasets\jigsaw\Knot_Tying\Knot_Tying\video\Knot_Tying_I002_capture1,Knot_Tying_I002_capture1,I,I002,capture1,714,806,G14
datasets\jigsaw\Knot_Tying\Knot_Tying\video\Knot_Tying_I002_capture1,Knot_Tying_I002_capture1,I,I002,capture1,807,1364,G15
datasets\jigsaw\Knot_Tying\Knot_Tying\video\Knot_Tying_I002_capture1,Knot_Tying_I002_capture1,I,I002,capture1,1365,1626,G14
datasets\jigsaw\Knot_Tying\Knot_Tying\video\Knot_Tying_I002_capture1,Knot_Tying_I002_capture1,I,I002,capture1,1627,1853,G13
datasets\jigsaw\Knot_Tying\Knot_Tying\video\Knot_Tying_I002_capture1,Knot_Tying_I002_capture1,I,I002,capture1,1854,1985,G14
datasets\jigsaw\Knot_Tying\Knot_Tying\video\Knot_Tying_I002_capture1,Knot_Tying_I002_capture1,I,I002,capture1,1986,2225,G15
datasets\jigsaw\Knot_Tying\Knot_Tying\video\Knot_Tying_I002_capture1,Knot_Tying_I002_capture1,I,I002,capture1,2226,2350,G11
datasets\jigsaw\Knot_Tying\Knot_Tying\video\Knot_Tying_I002_capture2,Knot_Tying_I002_capture2,I,I002,capture2,6,114,G1
datasets\jigsaw\Knot_Tying\Knot_Tying\video\Knot_Tying_I002_capture2,Knot_Tying_I002_capture2,I,I002,capture2,115,423,G12
datasets\jigsaw\Knot_Tying\Knot_Tying\video\Knot_Tying_I002_capture2,Knot_Tying_I002_capture2,I,I002,capture2,424,713,G13
datasets\jigsaw\Knot_Tying\Knot_Tying\video\Knot_Tying_I002_capture2,Knot_Tying_I002_capture2,I,I002,capture2,714,806,G14
datasets\jigsaw\Knot_Tying\Knot_Tying\video\Knot_Tying_I002_capture2,Knot_Tying_I002_capture2,I,I002,capture2,807,1364,G15
datasets\jigsaw\Knot_Tying\Knot_Tying\video\Knot_Tying_I002_capture2,Knot_Tying_I002_capture2,I,I002,capture2,1365,1626,G14
datasets\jigsaw\Knot_Tying\Knot_Tying\video\Knot_Tying_I002_capture2,Knot_Tying_I002_capture2,I,I002,capture2,1627,1853,G13
datasets\jigsaw\Knot_Tying\Knot_Tying\video\Knot_Tying_I002_capture2,Knot_Tying_I002_capture2,I,I002,capture2,1854,1985,G14
datasets\jigsaw\Knot_Tying\Knot_Tying\video\Knot_Tying_I002_capture2,Knot_Tying_I002_capture2,I,I002,capture2,1986,2225,G15
datasets\jigsaw\Knot_Tying\Knot_Tying\video\Knot_Tying_I002_capture2,Knot_Tying_I002_capture2,I,I002,capture2,2226,2350,G11
datasets\jigsaw\Knot_Tying\Knot_Tying\video\Knot_Tying_I003_capture1,Knot_Tying_I003_capture1,I,I003,capture1,1,103,G1
datasets\jigsaw\Knot_Tying\Knot_Tying\video\Knot_Tying_I003_capture1,Knot_Tying_I003_capture1,I,I003,capture1,104,260,G12
datasets\jigsaw\Knot_Tying\Knot_Tying\video\Knot_Tying_I003_capture1,Knot_Tying_I003_capture1,I,I003,capture1,261,418,G13
datasets\jigsaw\Knot_Tying\Knot_Tying\video\Knot_Tying_I003_capture1,Knot_Tying_I003_capture1,I,I003,capture1,419,492,G14
datasets\jigsaw\Knot_Tying\Knot_Tying\video\Knot_Tying_I003_capture1,Knot_Tying_I003_capture1,I,I003,capture1,493,738,G15
datasets\jigsaw\Knot_Tying\Knot_Tying\video\Knot_Tying_I003_capture1,Knot_Tying_I003_capture1,I,I003,capture1,739,863,G14
datasets\jigsaw\Knot_Tying\Knot_Tying\video\Knot_Tying_I003_capture1,Knot_Tying_I003_capture1,I,I003,capture1,864,1204,G12
datasets\jigsaw\Knot_Tying\Knot_Tying\video\Knot_Tying_I003_capture1,Knot_Tying_I003_capture1,I,I003,capture1,1205,1399,G13
datasets\jigsaw\Knot_Tying\Knot_Tying\video\Knot_Tying_I003_capture1,Knot_Tying_I003_capture1,I,I003,capture1,1400,1657,G14
datasets\jigsaw\Knot_Tying\Knot_Tying\video\Knot_Tying_I003_capture1,Knot_Tying_I003_capture1,I,I003,capture1,1658,1851,G15
datasets\jigsaw\Knot_Tying\Knot_Tying\video\Knot_Tying_I003_capture1,Knot_Tying_I003_capture1,I,I003,capture1,1852,1975,G11
datasets\jigsaw\Knot_Tying\Knot_Tying\video\Knot_Tying_I003_capture2,Knot_Tying_I003_capture2,I,I003,capture2,1,103,G1
datasets\jigsaw\Knot_Tying\Knot_Tying\video\Knot_Tying_I003_capture2,Knot_Tying_I003_capture2,I,I003,capture2,104,260,G12
datasets\jigsaw\Knot_Tying\Knot_Tying\video\Knot_Tying_I003_capture2,Knot_Tying_I003_capture2,I,I003,capture2,261,418,G13
datasets\jigsaw\Knot_Tying\Knot_Tying\video\Knot_Tying_I003_capture2,Knot_Tying_I003_capture2,I,I003,capture2,419,492,G14
datasets\jigsaw\Knot_Tying\Knot_Tying\video\Knot_Tying_I003_capture2,Knot_Tying_I003_capture2,I,I003,capture2,493,738,G15
datasets\jigsaw\Knot_Tying\Knot_Tying\video\Knot_Tying_I003_capture2,Knot_Tying_I003_capture2,I,I003,capture2,739,863,G14
datasets\jigsaw\Knot_Tying\Knot_Tying\video\Knot_Tying_I003_capture2,Knot_Tying_I003_capture2,I,I003,capture2,864,1204,G12
datasets\jigsaw\Knot_Tying\Knot_Tying\video\Knot_Tying_I003_capture2,Knot_Tying_I003_capture2,I,I003,capture2,1205,1399,G13
datasets\jigsaw\Knot_Tying\Knot_Tying\video\Knot_Tying_I003_capture2,Knot_Tying_I003_capture2,I,I003,capture2,1400,1657,G14
datasets\jigsaw\Knot_Tying\Knot_Tying\video\Knot_Tying_I003_capture2,Knot_Tying_I003_capture2,I,I003,capture2,1658,1851,G15
datasets\jigsaw\Knot_Tying\Knot_Tying\video\Knot_Tying_I003_capture2,Knot_Tying_I003_capture2,I,I003,capture2,1852,1975,G11
datasets\jigsaw\Knot_Tying\Knot_Tying\video\Knot_Tying_I005_capture1,Knot_Tying_I005_capture1,I,I005,capture1,1,91,G1
datasets\jigsaw\Knot_Tying\Knot_Tying\video\Knot_Tying_I005_capture1,Knot_Tying_I005_capture1,I,I005,capture1,92,254,G12
datasets\jigsaw\Knot_Tying\Knot_Tying\video\Knot_Tying_I005_capture1,Knot_Tying_I005_capture1,I,I005,capture1,255,416,G13
datasets\jigsaw\Knot_Tying\Knot_Tying\video\Knot_Tying_I005_capture1,Knot_Tying_I005_capture1,I,I005,capture1,417,485,G14
datasets\jigsaw\Knot_Tying\Knot_Tying\video\Knot_Tying_I005_capture1,Knot_Tying_I005_capture1,I,I005,capture1,486,1050,G15
datasets\jigsaw\Knot_Tying\Knot_Tying\video\Knot_Tying_I005_capture1,Knot_Tying_I005_capture1,I,I005,capture1,1051,1189,G14
datasets\jigsaw\Knot_Tying\Knot_Tying\video\Knot_Tying_I005_capture1,Knot_Tying_I005_capture1,I,I005,capture1,1190,1867,G12
datasets\jigsaw\Knot_Tying\Knot_Tying\video\Knot_Tying_I005_capture1,Knot_Tying_I005_capture1,I,I005,capture1,1868,2122,G13
datasets\jigsaw\Knot_Tying\Knot_Tying\video\Knot_Tying_I005_capture1,Knot_Tying_I005_capture1,I,I005,capture1,2123,2254,G14
datasets\jigsaw\Knot_Tying\Knot_Tying\video\Knot_Tying_I005_capture1,Knot_Tying_I005_capture1,I,I005,capture1,2255,2498,G15
datasets\jigsaw\Knot_Tying\Knot_Tying\video\Knot_Tying_I005_capture1,Knot_Tying_I005_capture1,I,I005,capture1,2499,2612,G11
datasets\jigsaw\Knot_Tying\Knot_Tying\video\Knot_Tying_I005_capture2,Knot_Tying_I005_capture2,I,I005,capture2,1,91,G1
datasets\jigsaw\Knot_Tying\Knot_Tying\video\Knot_Tying_I005_capture2,Knot_Tying_I005_capture2,I,I005,capture2,92,254,G12
datasets\jigsaw\Knot_Tying\Knot_Tying\video\Knot_Tying_I005_capture2,Knot_Tying_I005_capture2,I,I005,capture2,255,416,G13
datasets\jigsaw\Knot_Tying\Knot_Tying\video\Knot_Tying_I005_capture2,Knot_Tying_I005_capture2,I,I005,capture2,417,485,G14
datasets\jigsaw\Knot_Tying\Knot_Tying\video\Knot_Tying_I005_capture2,Knot_Tying_I005_capture2,I,I005,capture2,486,1050,G15
datasets\jigsaw\Knot_Tying\Knot_Tying\video\Knot_Tying_I005_capture2,Knot_Tying_I005_capture2,I,I005,capture2,1051,1189,G14
datasets\jigsaw\Knot_Tying\Knot_Tying\video\Knot_Tying_I005_capture2,Knot_Tying_I005_capture2,I,I005,capture2,1190,1867,G12
datasets\jigsaw\Knot_Tying\Knot_Tying\video\Knot_Tying_I005_capture2,Knot_Tying_I005_capture2,I,I005,capture2,1868,2122,G13
datasets\jigsaw\Knot_Tying\Knot_Tying\video\Knot_Tying_I005_capture2,Knot_Tying_I005_capture2,I,I005,capture2,2123,2254,G14
datasets\jigsaw\Knot_Tying\Knot_Tying\video\Knot_Tying_I005_capture2,Knot_Tying_I005_capture2,I,I005,capture2,2255,2498,G15
datasets\jigsaw\Knot_Tying\Knot_Tying\video\Knot_Tying_I005_capture2,Knot_Tying_I005_capture2,I,I005,capture2,2499,2612,G11
